#ifcsheet	1
#book	work/shinasahi/入力シート(新旭橋).xlsm
#unit	m
#stepcols	STEP1	STEP2	STEP3	STEP4	STEP5
#memocols	部材	場所	工事	図面	CAD画層
#groupcol	まとめ
[colors]
red	255	0	0
green	0	255	0
blue	0	0	255
yellow	255	255	0
magenta	255	0	255
cyan	0	255	255
white	255	255	255
black	0	0	0
brown	120	63	4
pink	241	206	238
olive	147	196	125
grey	153	153	153
orange	255	153	0
[types]
*default	色	red	pink	olive	yellow	blue	cyan
*default	透過	0	0	0	0	0	0
*default	名称	未施工	STEP1	－	－	－	－
切削オーバーレイ工	色	grey			cyan		
切削オーバーレイ工	透過		0.2	0.4	1		
切削オーバーレイ工	名称	未施工	表層切削	基層切削	既設目地撤去	－	－
既設伸縮装置撤去	色			cyan			
既設伸縮装置撤去	透過			1			
既設伸縮装置撤去	名称	未施工	フラットジャッキ設置	伸縮装置撤去	－	－	－
床版防水層	色				cyan		
床版防水層	透過						
床版防水層	名称	未施工	塗膜防水	縦断排水管	端部防水処理	－	－
高視認性区画線　上り面	色				cyan		
高視認性区画線　上り面	透過						
高視認性区画線　上り面	名称	未施工	実線白色（外側）	実線白色（内側）	破線白色	－	－
支承取替	色						
支承取替	透過						
支承取替	名称	未施工					
伸縮装置取替	色	olive		cyan			
伸縮装置取替	透過	1					
伸縮装置取替	名称	未施工	伸縮装置撤去	伸縮装置設置	－	－	－
浮き上がり防止対策	色		cyan				
浮き上がり防止対策	透過						
浮き上がり防止対策	名称	未施工	設置	－	－	－	－
目地材補修	色			cyan			
目地材補修	透過						
目地材補修	名称	未施工	バックアップ材	シール材	－	－	－
断面修復工	色			cyan			
断面修復工	透過						
断面修復工	名称	未施工	下地処理	軽量ポリマーセメントモルタル	－	－	－
剥落防止工	色	magenta					cyan
剥落防止工	透過						
剥落防止工	名称	未施工	下地処理	プライマー	パテ	中塗	上塗
高視認性区画線　下り面	色						
高視認性区画線　下り面	透過						
高視認性区画線　下り面	名称	未施工	実線白色（内側）	破線白色（内側）	実線白色（外側）	破線白色（外側）	
アンカーボルト補修	色		cyan				
アンカーボルト補修	透過						
アンカーボルト補修	名称	未施工	アンカーボルト取替	－	－	－	－
白線	色	black	white				
白線	透過	1					
白線	名称	未施工	完了				
舗装工	色	black	grey				
舗装工	透過	1					
舗装工	名称	未施工	完了				
文字	色	yellow	red	cyan			
文字	透過						
文字	名称	yellow	red	cyan			
高力ボルト当て板鋼桁補強工	色		cyan				
高力ボルト当て板鋼桁補強工	透過	0	0	0	0	0	0
高力ボルト当て板鋼桁補強工	名称	未施工	完了	－	－	－	－
腐食部補修工	色		cyan				
腐食部補修工	透過	0	0	0	0	0	0
腐食部補修工	名称	未施工	完了	－	－	－	－
鋼桁補強工	色		cyan				
鋼桁補強工	透過	0	0	0	0	0	0
鋼桁補強工	名称	未施工	完了	－	－	－	－
支承防錆工	色		cyan				
支承防錆工	透過	0	0	0	0	0	0
支承防錆工	名称	未施工	完了	－	－	－	－
保護ボルトキャップ	色		cyan				
保護ボルトキャップ	透過	0	0	0	0	0	0
保護ボルトキャップ	名称	未施工	完了	－	－	－	－
排水施設工	色		cyan				
排水施設工	透過	0	0	0	0	0	0
排水施設工	名称	未施工	完了	－	－	－	－
橋梁塗装工	色					cyan	
橋梁塗装工	透過	0	0	0	0	0	0
橋梁塗装工	名称	未施工	素地調整	下塗	中塗	上塗	－
ひびわれ補修工	色				cyan		
ひびわれ補修工	透過	0	0	0	0	0	0
ひびわれ補修工	名称	未施工	下地処理	ひびわれ注入	表面処理	－	－
[rows]
3	ひびわれ補修工 第1-001	ひびわれ補修工						低圧注入工法(A)		第1工事	第1工事 2 頁（橋梁一般図(1) の数量表）				
4	ひびわれ補修工 第1-002	ひびわれ補修工						低圧注入工法(B)		第1工事	第1工事 2 頁（橋梁一般図(1) の数量表）				
5	ひびわれ補修工 第1-003	ひびわれ補修工						充てん工法(A)		第1工事	第1工事 2 頁（橋梁一般図(1) の数量表）				
6	保護ボルトキャップ 第1-001	保護ボルトキャップ						保護ボルトキャップ	x 0.0 m	第1工事	第1工事 2 頁（橋梁一般図(1)）	V_K1_下路平面図		ext_poly	4	-0.2983,7.1882,0.1900	0.3017,7.1882,0.1900	0.3017,7.7882,0.1900	-0.2983,7.7882,0.1900	-0.2983,7.1882,-0.1100	0.3017,7.1882,-0.1100	0.3017,7.7882,-0.1100	-0.2983,7.7882,-0.1100
7	保護ボルトキャップ 第1-002	保護ボルトキャップ						保護ボルトキャップ	x 0.0 m	第1工事	第1工事 2 頁（橋梁一般図(1)）	V_K1_下路平面図		ext_poly	4	-0.2983,-7.7874,0.1900	0.3017,-7.7874,0.1900	0.3017,-7.1874,0.1900	-0.2983,-7.1874,0.1900	-0.2983,-7.7874,-0.1100	0.3017,-7.7874,-0.1100	0.3017,-7.1874,-0.1100	-0.2983,-7.1874,-0.1100
8	排水施設工 第1-001	排水施設工						目皿取替	x 29.8 m	第1工事	第1工事 2 頁（橋梁一般図(1)）	V_K1_下路平面図		ext_poly	4	29.5836,2.9809,1.0494	29.9836,2.9809,1.0494	29.9836,3.2809,1.0494	29.5836,3.2809,1.0494	29.5836,2.9809,0.8494	29.9836,2.9809,0.8494	29.9836,3.2809,0.8494	29.5836,3.2809,0.8494
9	排水施設工 第1-002	排水施設工						目皿取替	x 99.8 m	第1工事	第1工事 2 頁（橋梁一般図(1)）	V_K1_下路平面図		ext_poly	4	99.5543,2.9809,1.4936	99.9543,2.9809,1.4936	99.9543,3.2809,1.4936	99.5543,3.2809,1.4936	99.5543,2.9809,1.2936	99.9543,2.9809,1.2936	99.9543,3.2809,1.2936	99.5543,3.2809,1.2936
10	支承防錆工 第1-001	支承防錆工						支承防錆(A)	x 0.0 m	第1工事	第1工事 2 頁（橋梁一般図(1)）	V_K1_下路平面図		ext_poly	4	-0.4983,7.0882,-0.0100	0.5017,7.0882,-0.0100	0.5017,7.8882,-0.0100	-0.4983,7.8882,-0.0100	-0.4983,7.0882,-0.5100	0.5017,7.0882,-0.5100	0.5017,7.8882,-0.5100	-0.4983,7.8882,-0.5100
11	支承防錆工 第1-002	支承防錆工						支承防錆(B)	x 0.0 m	第1工事	第1工事 2 頁（橋梁一般図(1)）	V_K1_下路平面図		ext_poly	4	-0.4983,-7.8874,-0.0100	0.5017,-7.8874,-0.0100	0.5017,-7.0874,-0.0100	-0.4983,-7.0874,-0.0100	-0.4983,-7.8874,-0.5100	0.5017,-7.8874,-0.5100	0.5017,-7.0874,-0.5100	-0.4983,-7.0874,-0.5100
12	支承防錆工 第1-003	支承防錆工						支承防錆(C)	x 90.7 m	第1工事	第1工事 2 頁（橋梁一般図(1)）	V_K1_下路平面図		ext_poly	4	90.2012,7.0882,0.7408	91.2012,7.0882,0.7408	91.2012,7.8882,0.7408	90.2012,7.8882,0.7408	90.2012,7.0882,0.2408	91.2012,7.0882,0.2408	91.2012,7.8882,0.2408	90.2012,7.8882,0.2408
13	支承防錆工 第1-004	支承防錆工						支承防錆(C)	x 90.7 m	第1工事	第1工事 2 頁（橋梁一般図(1)）	V_K1_下路平面図		ext_poly	4	90.2012,-7.8874,0.7408	91.2012,-7.8874,0.7408	91.2012,-7.0874,0.7408	90.2012,-7.0874,0.7408	90.2012,-7.8874,0.2408	91.2012,-7.8874,0.2408	91.2012,-7.0874,0.2408	90.2012,-7.0874,0.2408
14	断面修復工 第1-001	断面修復工						左官工法(A)		第1工事	第1工事 2 頁（橋梁一般図(1) の数量表）				
15	橋梁塗装工 第1-001	橋梁塗装工						橋梁塗装工(Rc-I 塗り重ね部)		第1工事	第1工事 2 頁（橋梁一般図(1) の数量表）				
16	橋梁塗装工 第1-002	橋梁塗装工						橋梁塗装工(Rc-I)		第1工事	第1工事 2 頁（橋梁一般図(1) の数量表）				
17	腐食部補修工 第1-001	腐食部補修工						防食防水テープ	格点1-G2	第1工事	第1工事 5 頁	V_K1_P005_3-3		ext_poly	4	7.5792,-6.2168,0.1158	7.5792,-6.4668,0.1158	7.3292,-6.4668,0.1158	7.3292,-6.2168,0.1158	7.5792,-6.2168,0.1258	7.5792,-6.4668,0.1258	7.3292,-6.4668,0.1258	7.3292,-6.2168,0.1258
18	腐食部補修工 第1-002	腐食部補修工						紫外線硬化型FRPシート	格点2-G2	第1工事	第1工事 6 頁	V_K1_P006_5-5		ext_poly	4	14.7912,-7.5050,1.1215	15.0412,-7.5050,1.1215	15.0412,-7.5050,1.3715	14.7912,-7.5050,1.3715	14.7912,-7.4950,1.1215	15.0412,-7.4950,1.1215	15.0412,-7.4950,1.3715	14.7912,-7.4950,1.3715
19	腐食部補修工 第1-003	腐食部補修工						防食防水テープ	格点2-G2	第1工事	第1工事 6 頁	V_K1_P006_2-2		ext_poly	4	14.8090,-6.4136,1.4168	14.8090,-6.6636,1.4168	15.0590,-6.6636,1.4168	15.0590,-6.4136,1.4168	14.8090,-6.4136,1.4068	14.8090,-6.6636,1.4068	15.0590,-6.6636,1.4068	15.0590,-6.4136,1.4068
20	腐食部補修工 第1-004	腐食部補修工						紫外線硬化型FRPシート	格点2-G2	第1工事	第1工事 6 頁	V_K1_P006_1-1		ext_poly	4	15.1030,-6.2643,1.3651	15.1030,-6.5143,1.3651	15.1030,-6.5143,1.6151	15.1030,-6.2643,1.6151	15.1130,-6.2643,1.3651	15.1130,-6.5143,1.3651	15.1130,-6.5143,1.6151	15.1130,-6.2643,1.6151
21	腐食部補修工 第1-005	腐食部補修工						防食防水テープ	格点2-G2	第1工事	第1工事 6 頁	V_K1_P006_1-1		ext_poly	4	15.1030,-5.8198,1.2813	15.1030,-6.0698,1.2813	15.1030,-6.0698,1.5313	15.1030,-5.8198,1.5313	15.1130,-5.8198,1.2813	15.1130,-6.0698,1.2813	15.1130,-6.0698,1.5313	15.1130,-5.8198,1.5313
22	腐食部補修工 第1-006	腐食部補修工						防食防水テープ	格点2-G2	第1工事	第1工事 6 頁	V_K1_P006_1-1		ext_poly	4	15.1030,-5.4871,0.1027	15.1030,-5.7371,0.1027	15.1030,-5.7371,0.3527	15.1030,-5.4871,0.3527	15.1130,-5.4871,0.1027	15.1130,-5.7371,0.1027	15.1130,-5.7371,0.3527	15.1130,-5.4871,0.3527
23	腐食部補修工 第1-007	腐食部補修工						防食防水テープ	格点2-G2	第1工事	第1工事 6 頁	V_K1_P006_3-3		ext_poly	4	15.1771,-6.5330,0.2018	15.1771,-6.7830,0.2018	14.9271,-6.7830,0.2018	14.9271,-6.5330,0.2018	15.1771,-6.5330,0.2118	15.1771,-6.7830,0.2118	14.9271,-6.7830,0.2118	14.9271,-6.5330,0.2118
24	腐食部補修工 第1-008	腐食部補修工						防食防水テープ	格点3-G2	第1工事	第1工事 7 頁	V_K1_P007_1-1		ext_poly	4	22.6630,-6.5876,1.3474	22.6630,-6.8376,1.3474	22.6630,-6.8376,1.5974	22.6630,-6.5876,1.5974	22.6730,-6.5876,1.3474	22.6730,-6.8376,1.3474	22.6730,-6.8376,1.5974	22.6730,-6.5876,1.5974
25	腐食部補修工 第1-009	腐食部補修工						防食防水テープ	格点3-G2	第1工事	第1工事 7 頁	V_K1_P007_1-1		ext_poly	4	22.6630,-6.2650,0.1638	22.6630,-6.5150,0.1638	22.6630,-6.5150,0.4138	22.6630,-6.2650,0.4138	22.6730,-6.2650,0.1638	22.6730,-6.5150,0.1638	22.6730,-6.5150,0.4138	22.6730,-6.2650,0.4138
26	腐食部補修工 第1-010	腐食部補修工						防食防水テープ	格点4-G2	第1工事	第1工事 8 頁	V_K1_P008_2-2		ext_poly	4	29.9277,-6.4924,1.5586	29.9277,-6.7424,1.5586	30.1777,-6.7424,1.5586	30.1777,-6.4924,1.5586	29.9277,-6.4924,1.5486	29.9277,-6.7424,1.5486	30.1777,-6.7424,1.5486	30.1777,-6.4924,1.5486
27	腐食部補修工 第1-011	腐食部補修工						防食防水テープ	格点4-G2	第1工事	第1工事 8 頁	V_K1_P008_1-1		ext_poly	4	30.2230,-5.4845,0.2398	30.2230,-5.7345,0.2398	30.2230,-5.7345,0.4898	30.2230,-5.4845,0.4898	30.2330,-5.4845,0.2398	30.2330,-5.7345,0.2398	30.2330,-5.7345,0.4898	30.2330,-5.4845,0.4898
28	腐食部補修工 第1-012	腐食部補修工						防食防水テープ	格点4-G2	第1工事	第1工事 8 頁	V_K1_P008_3-3		ext_poly	4	30.4584,-6.5330,0.3436	30.4584,-6.7830,0.3436	30.2084,-6.7830,0.3436	30.2084,-6.5330,0.3436	30.4584,-6.5330,0.3536	30.4584,-6.7830,0.3536	30.2084,-6.7830,0.3536	30.2084,-6.5330,0.3536
29	腐食部補修工 第1-013	腐食部補修工						防食防水テープ	格点4-G2	第1工事	第1工事 8 頁	V_K1_P008_5-5		ext_poly	4	34.4185,-7.5050,1.0475	34.6685,-7.5050,1.0475	34.6685,-7.5050,1.2975	34.4185,-7.5050,1.2975	34.4185,-7.4950,1.0475	34.6685,-7.4950,1.0475	34.6685,-7.4950,1.2975	34.4185,-7.4950,1.2975
30	腐食部補修工 第1-014	腐食部補修工						紫外線硬化型FRPシート	格点5-G1	第1工事	第1工事 9 頁	V_K1_P009_1-1		ext_poly	4	37.7830,6.8516,1.7126	37.7830,6.6016,1.7126	37.7830,6.6016,1.9626	37.7830,6.8516,1.9626	37.7930,6.8516,1.7126	37.7930,6.6016,1.7126	37.7930,6.6016,1.9626	37.7930,6.8516,1.9626
31	腐食部補修工 第1-015	腐食部補修工						防食防水テープ	格点5-G2	第1工事	第1工事 10 頁	V_K1_P010_1-1		ext_poly	4	37.7830,-6.2726,0.3080	37.7830,-6.5226,0.3080	37.7830,-6.5226,0.5580	37.7830,-6.2726,0.5580	37.7930,-6.2726,0.3080	37.7930,-6.5226,0.3080	37.7930,-6.5226,0.5580	37.7930,-6.2726,0.5580
32	腐食部補修工 第1-016	腐食部補修工						紫外線硬化型FRPシート	格点6-G1	第1工事	第1工事 11 頁	V_K1_P011_1-1		ext_poly	4	45.3430,6.8541,1.7731	45.3430,6.6041,1.7731	45.3430,6.6041,2.0231	45.3430,6.8541,2.0231	45.3530,6.8541,1.7731	45.3530,6.6041,1.7731	45.3530,6.6041,2.0231	45.3530,6.8541,2.0231
33	腐食部補修工 第1-017	腐食部補修工						紫外線硬化型FRPシート	格点6-G1	第1工事	第1工事 11 頁	V_K1_P011_1-1		ext_poly	4	45.3430,6.8312,2.2380	45.3430,6.5812,2.2380	45.3430,6.5812,2.4880	45.3430,6.8312,2.4880	45.3530,6.8312,2.2380	45.3530,6.5812,2.2380	45.3530,6.5812,2.4880	45.3530,6.8312,2.4880
34	腐食部補修工 第1-018	腐食部補修工						防食防水テープ	格点6-G2	第1工事	第1工事 12 頁	V_K1_P012_1-1		ext_poly	4	45.3430,-5.5175,0.3685	45.3430,-5.7675,0.3685	45.3430,-5.7675,0.6185	45.3430,-5.5175,0.6185	45.3530,-5.5175,0.3685	45.3530,-5.7675,0.3685	45.3530,-5.7675,0.6185	45.3530,-5.5175,0.6185
35	腐食部補修工 第1-019	腐食部補修工						防食防水テープ	格点6-G2	第1工事	第1工事 12 頁	V_K1_P012_3-3		ext_poly	4	45.5784,-6.5317,0.4851	45.5784,-6.7817,0.4851	45.3284,-6.7817,0.4851	45.3284,-6.5317,0.4851	45.5784,-6.5317,0.4951	45.5784,-6.7817,0.4951	45.3284,-6.7817,0.4951	45.3284,-6.5317,0.4951
36	腐食部補修工 第1-020	腐食部補修工						防食防水テープ	格点7-G2	第1工事	第1工事 13 頁	V_K1_P013_1-1		ext_poly	4	52.9030,-6.3006,0.4548	52.9030,-6.5506,0.4548	52.9030,-6.5506,0.7048	52.9030,-6.3006,0.7048	52.9130,-6.3006,0.4548	52.9130,-6.5506,0.4548	52.9130,-6.5506,0.7048	52.9130,-6.3006,0.7048
37	腐食部補修工 第1-021	腐食部補修工						紫外線硬化型FRPシート	格点8-G1	第1工事	第1工事 14 頁	V_K1_P014_1-1		ext_poly	4	60.4630,6.8516,1.8676	60.4630,6.6016,1.8676	60.4630,6.6016,2.1176	60.4630,6.8516,2.1176	60.4730,6.8516,1.8676	60.4730,6.6016,1.8676	60.4730,6.6016,2.1176	60.4730,6.8516,2.1176
38	腐食部補修工 第1-022	腐食部補修工						防食防水テープ	格点8-G1	第1工事	第1工事 14 頁	V_K1_P014_1-1		ext_poly	4	60.4630,6.8287,1.6492	60.4630,6.5787,1.6492	60.4630,6.5787,1.8992	60.4630,6.8287,1.8992	60.4730,6.8287,1.6492	60.4730,6.5787,1.6492	60.4730,6.5787,1.8992	60.4730,6.8287,1.8992
39	腐食部補修工 第1-023	腐食部補修工						紫外線硬化型FRPシート	格点8-G2	第1工事	第1工事 15 頁	V_K1_P015_1-1		ext_poly	4	60.4630,-6.6333,1.8549	60.4630,-6.8833,1.8549	60.4630,-6.8833,2.1049	60.4630,-6.6333,2.1049	60.4730,-6.6333,1.8549	60.4730,-6.8833,1.8549	60.4730,-6.8833,2.1049	60.4730,-6.6333,2.1049
40	腐食部補修工 第1-024	腐食部補修工						防食防水テープ	格点8-G2	第1工事	第1工事 15 頁	V_K1_P015_1-1		ext_poly	4	60.4630,-6.4225,0.4681	60.4630,-6.6725,0.4681	60.4630,-6.6725,0.7181	60.4630,-6.4225,0.7181	60.4730,-6.4225,0.4681	60.4730,-6.6725,0.4681	60.4730,-6.6725,0.7181	60.4730,-6.4225,0.7181
41	腐食部補修工 第1-025	腐食部補修工						紫外線硬化型FRPシート	格点9-G1	第1工事	第1工事 16 頁	V_K1_P016_1-1		ext_poly	4	68.0230,6.8516,1.9547	68.0230,6.6016,1.9547	68.0230,6.6016,2.2047	68.0230,6.8516,2.2047	68.0330,6.8516,1.9547	68.0330,6.6016,1.9547	68.0330,6.6016,2.2047	68.0330,6.8516,2.2047
42	腐食部補修工 第1-026	腐食部補修工						防食防水テープ	格点9-G1	第1工事	第1工事 16 頁	V_K1_P016_1-1		ext_poly	4	68.0230,6.8262,1.7362	68.0230,6.5762,1.7362	68.0230,6.5762,1.9862	68.0230,6.8262,1.9862	68.0330,6.8262,1.7362	68.0330,6.5762,1.7362	68.0330,6.5762,1.9862	68.0330,6.8262,1.9862
43	腐食部補修工 第1-027	腐食部補修工						防食防水テープ	格点9-G2	第1工事	第1工事 17 頁	V_K1_P017_3-3		ext_poly	4	68.2584,-6.3514,0.6539	68.2584,-6.6014,0.6539	68.0084,-6.6014,0.6539	68.0084,-6.3514,0.6539	68.2584,-6.3514,0.6639	68.2584,-6.6014,0.6639	68.0084,-6.6014,0.6639	68.0084,-6.3514,0.6639
44	腐食部補修工 第1-028	腐食部補修工						防食防水テープ	格点10-G1	第1工事	第1工事 18 頁	V_K1_P018_1-1		ext_poly	4	75.5830,5.9138,1.7538	75.5830,5.6638,1.7538	75.5830,5.6638,2.0038	75.5830,5.9138,2.0038	75.5930,5.9138,1.7538	75.5930,5.6638,1.7538	75.5930,5.6638,2.0038	75.5930,5.9138,2.0038
45	腐食部補修工 第1-029	腐食部補修工						防食防水テープ	格点10-G2	第1工事	第1工事 19 頁	V_K1_P019_1-1		ext_poly	4	75.5830,-5.7817,1.7741	75.5830,-6.0317,1.7741	75.5830,-6.0317,2.0241	75.5830,-5.7817,2.0241	75.5930,-5.7817,1.7741	75.5930,-6.0317,1.7741	75.5930,-6.0317,2.0241	75.5930,-5.7817,2.0241
46	腐食部補修工 第1-030	腐食部補修工						防食防水テープ	格点11-G1	第1工事	第1工事 20 頁	V_K1_P020_1-1		ext_poly	4	83.1430,6.8287,1.8132	83.1430,6.5787,1.8132	83.1430,6.5787,2.0632	83.1430,6.8287,2.0632	83.1530,6.8287,1.8132	83.1530,6.5787,1.8132	83.1530,6.5787,2.0632	83.1530,6.8287,2.0632
47	腐食部補修工 第1-031	腐食部補修工						防食防水テープ	格点11-G2	第1工事	第1工事 21 頁	V_K1_P021_1-1		ext_poly	4	83.1430,-6.3742,0.6321	83.1430,-6.6242,0.6321	83.1430,-6.6242,0.8821	83.1430,-6.3742,0.8821	83.1530,-6.3742,0.6321	83.1530,-6.6242,0.6321	83.1530,-6.6242,0.8821	83.1530,-6.3742,0.8821
48	腐食部補修工 第1-032	腐食部補修工						防食防水テープ	P1-G1	第1工事	第1工事 22 頁	V_K1_P022_2-2		ext_poly	4	90.3531,7.0205,1.9958	90.3531,6.7705,1.9958	90.6031,6.7705,1.9958	90.6031,7.0205,1.9958	90.3531,7.0205,1.9858	90.3531,6.7705,1.9858	90.6031,6.7705,1.9858	90.6031,7.0205,1.9858
49	腐食部補修工 第1-033	腐食部補修工						防食防水テープ	P1-G2	第1工事	第1工事 23 頁	V_K1_P023_2-2		ext_poly	4	90.3531,-6.4415,1.9958	90.3531,-6.6915,1.9958	90.6031,-6.6915,1.9958	90.6031,-6.4415,1.9958	90.3531,-6.4415,1.9858	90.3531,-6.6915,1.9858	90.6031,-6.6915,1.9858	90.6031,-6.4415,1.9858
50	腐食部補修工 第1-034	腐食部補修工						防食防水テープ	P1-G1	第1工事	第1工事 22 頁	V_K1_P022_3-3		ext_poly	4	90.6870,6.3194,0.7808	90.6870,6.0694,0.7808	90.4370,6.0694,0.7808	90.4370,6.3194,0.7808	90.6870,6.3194,0.7908	90.6870,6.0694,0.7908	90.4370,6.0694,0.7908	90.4370,6.3194,0.7908
51	腐食部補修工 第1-035	腐食部補修工						防食防水テープ	P1-G2	第1工事	第1工事 23 頁	V_K1_P023_1-1		ext_poly	4	90.7030,-6.4238,0.6881	90.7030,-6.6738,0.6881	90.7030,-6.6738,0.9381	90.7030,-6.4238,0.9381	90.7130,-6.4238,0.6881	90.7130,-6.6738,0.6881	90.7130,-6.6738,0.9381	90.7130,-6.4238,0.9381
52	腐食部補修工 第1-036	腐食部補修工						紫外線硬化型FRPシート	P1-G1	第1工事	第1工事 22 頁	V_K1_P022_2-2		ext_poly	4	91.1355,7.8790,1.9958	91.1355,7.6290,1.9958	91.3855,7.6290,1.9958	91.3855,7.8790,1.9958	91.1355,7.8790,1.9858	91.1355,7.6290,1.9858	91.3855,7.6290,1.9858	91.3855,7.8790,1.9858
53	腐食部補修工 第1-037	腐食部補修工						紫外線硬化型FRPシート	P1-G1	第1工事	第1工事 22 頁	V_K1_P022_5-5		ext_poly	4	91.4898,7.4950,1.2637	91.7398,7.4950,1.2637	91.7398,7.4950,1.5137	91.4898,7.4950,1.5137	91.4898,7.5050,1.2637	91.7398,7.5050,1.2637	91.7398,7.5050,1.5137	91.4898,7.5050,1.5137
54	腐食部補修工 第1-038	腐食部補修工						紫外線硬化型FRPシート	P1-G2	第1工事	第1工事 23 頁	V_K1_P023_5-5		ext_poly	4	91.5253,-7.5050,1.2663	91.7753,-7.5050,1.2663	91.7753,-7.5050,1.5163	91.5253,-7.5050,1.5163	91.5253,-7.4950,1.2663	91.7753,-7.4950,1.2663	91.7753,-7.4950,1.5163	91.5253,-7.4950,1.5163
55	腐食部補修工 第1-039	腐食部補修工						紫外線硬化型FRPシート	格点12-G1	第1工事	第1工事 24 頁	V_K1_P024_1-1		ext_poly	4	99.3030,6.8516,2.0740	99.3030,6.6016,2.0740	99.3030,6.6016,2.3240	99.3030,6.8516,2.3240	99.3130,6.8516,2.0740	99.3130,6.6016,2.0740	99.3130,6.6016,2.3240	99.3130,6.8516,2.3240
56	腐食部補修工 第1-040	腐食部補修工						防食防水テープ	格点12-G1	第1工事	第1工事 24 頁	V_K1_P024_1-1		ext_poly	4	99.3030,6.8287,1.8555	99.3030,6.5787,1.8555	99.3030,6.5787,2.1055	99.3030,6.8287,2.1055	99.3130,6.8287,1.8555	99.3130,6.5787,1.8555	99.3130,6.5787,2.1055	99.3130,6.8287,2.1055
57	腐食部補修工 第1-041	腐食部補修工						紫外線硬化型FRPシート	格点12-G2	第1工事	第1工事 25 頁	V_K1_P025_1-1		ext_poly	4	99.3030,-7.0448,0.8599	99.3030,-7.2948,0.8599	99.3030,-7.2948,1.1099	99.3030,-7.0448,1.1099	99.3130,-7.0448,0.8599	99.3130,-7.2948,0.8599	99.3130,-7.2948,1.1099	99.3130,-7.0448,1.1099
58	腐食部補修工 第1-042	腐食部補修工						防食防水テープ	格点12-G2	第1工事	第1工事 25 頁	V_K1_P025_1-1		ext_poly	4	99.3030,-6.3082,0.6744	99.3030,-6.5582,0.6744	99.3030,-6.5582,0.9244	99.3030,-6.3082,0.9244	99.3130,-6.3082,0.6744	99.3130,-6.5582,0.6744	99.3130,-6.5582,0.9244	99.3130,-6.3082,0.9244
59	腐食部補修工 第1-043	腐食部補修工						紫外線硬化型FRPシート	格点12-G2	第1工事	第1工事 25 頁	V_K1_P025_5-5		ext_poly	4	99.3481,-7.5050,0.6592	99.5981,-7.5050,0.6592	99.5981,-7.5050,0.9092	99.3481,-7.5050,0.9092	99.3481,-7.4950,0.6592	99.5981,-7.4950,0.6592	99.5981,-7.4950,0.9092	99.3481,-7.4950,0.9092
60	腐食部補修工 第1-044	腐食部補修工						紫外線硬化型FRPシート	格点13-G2	第1工事	第1工事 27 頁	V_K1_P027_5-5		ext_poly	4	107.6979,-7.5050,1.8978	107.9479,-7.5050,1.8978	107.9479,-7.5050,2.1478	107.6979,-7.5050,2.1478	107.6979,-7.4950,1.8978	107.9479,-7.4950,1.8978	107.9479,-7.4950,2.1478	107.6979,-7.4950,2.1478
61	腐食部補修工 第1-045	腐食部補修工						紫外線硬化型FRPシート	格点13-G1	第1工事	第1工事 26 頁	V_K1_P026_1-1		ext_poly	4	107.9030,5.9392,2.1188	107.9030,5.6892,2.1188	107.9030,5.6892,2.3688	107.9030,5.9392,2.3688	107.9130,5.9392,2.1188	107.9130,5.6892,2.1188	107.9130,5.6892,2.3688	107.9130,5.9392,2.3688
62	腐食部補修工 第1-046	腐食部補修工						紫外線硬化型FRPシート	格点13-G2	第1工事	第1工事 27 頁	V_K1_P027_1-1		ext_poly	4	107.9030,-6.2618,1.9537	107.9030,-6.5118,1.9537	107.9030,-6.5118,2.2037	107.9030,-6.2618,2.2037	107.9130,-6.2618,1.9537	107.9130,-6.5118,1.9537	107.9130,-6.5118,2.2037	107.9130,-6.2618,2.2037
63	腐食部補修工 第1-047	腐食部補修工						防食防水テープ	格点13-G2	第1工事	第1工事 27 頁	V_K1_P027_1-1		ext_poly	4	107.9030,-5.6014,0.7193	107.9030,-5.8514,0.7193	107.9030,-5.8514,0.9693	107.9030,-5.6014,0.9693	107.9130,-5.6014,0.7193	107.9130,-5.8514,0.7193	107.9130,-5.8514,0.9693	107.9130,-5.6014,0.9693
64	腐食部補修工 第1-048	腐食部補修工						防食防水テープ	格点13-G2	第1工事	第1工事 27 頁	V_K1_P027_3-3		ext_poly	4	108.1384,-6.3742,0.8231	108.1384,-6.6242,0.8231	107.8884,-6.6242,0.8231	107.8884,-6.3742,0.8231	108.1384,-6.3742,0.8331	108.1384,-6.6242,0.8331	107.8884,-6.6242,0.8331	107.8884,-6.3742,0.8331
65	腐食部補修工 第1-049	腐食部補修工						紫外線硬化型FRPシート	格点14-G1	第1工事	第1工事 28 頁	V_K1_P028_4-4		ext_poly	4	116.2812,7.2266,0.8809	116.2812,6.9766,0.8809	116.0312,6.9766,0.8809	116.0312,7.2266,0.8809	116.2812,7.2266,0.8909	116.2812,6.9766,0.8909	116.0312,6.9766,0.8909	116.0312,7.2266,0.8909
66	腐食部補修工 第1-050	腐食部補修工						紫外線硬化型FRPシート	格点14-G1	第1工事	第1工事 28 頁	V_K1_P028_1-1		ext_poly	4	116.5030,6.8516,2.1415	116.5030,6.6016,2.1415	116.5030,6.6016,2.3915	116.5030,6.8516,2.3915	116.5130,6.8516,2.1415	116.5130,6.6016,2.1415	116.5130,6.6016,2.3915	116.5130,6.8516,2.3915
67	腐食部補修工 第1-051	腐食部補修工						防食防水テープ	格点14-G1	第1工事	第1工事 28 頁	V_K1_P028_1-1		ext_poly	4	116.5030,6.8287,1.9205	116.5030,6.5787,1.9205	116.5030,6.5787,2.1705	116.5030,6.8287,2.1705	116.5130,6.8287,1.9205	116.5130,6.5787,1.9205	116.5130,6.5787,2.1705	116.5130,6.8287,2.1705
68	腐食部補修工 第1-052	腐食部補修工						防食防水テープ	格点14-G2	第1工事	第1工事 29 頁	V_K1_P029_1-1		ext_poly	4	116.5030,-6.2904,0.7419	116.5030,-6.5404,0.7419	116.5030,-6.5404,0.9919	116.5030,-6.2904,0.9919	116.5130,-6.2904,0.7419	116.5130,-6.5404,0.7419	116.5130,-6.5404,0.9919	116.5130,-6.2904,0.9919
69	腐食部補修工 第1-053	腐食部補修工						紫外線硬化型FRPシート	格点14-G2	第1工事	第1工事 29 頁	V_K1_P029_5-5		ext_poly	4	116.5481,-7.5050,0.7267	116.7981,-7.5050,0.7267	116.7981,-7.5050,0.9767	116.5481,-7.5050,0.9767	116.5481,-7.4950,0.7267	116.7981,-7.4950,0.7267	116.7981,-7.4950,0.9767	116.5481,-7.4950,0.9767
70	腐食部補修工 第1-054	腐食部補修工						紫外線硬化型FRPシート	格点15-G2	第1工事	第1工事 31 頁	V_K1_P031_1-1		ext_poly	4	125.1030,-6.7083,2.0544	125.1030,-6.9583,2.0544	125.1030,-6.9583,2.3044	125.1030,-6.7083,2.3044	125.1130,-6.7083,2.0544	125.1130,-6.9583,2.0544	125.1130,-6.9583,2.3044	125.1130,-6.7083,2.3044
71	腐食部補修工 第1-055	腐食部補修工						防食防水テープ	格点15-G2	第1工事	第1工事 31 頁	V_K1_P031_1-1		ext_poly	4	125.1030,-6.3755,0.7387	125.1030,-6.6255,0.7387	125.1030,-6.6255,0.9887	125.1030,-6.3755,0.9887	125.1130,-6.3755,0.7387	125.1130,-6.6255,0.7387	125.1130,-6.6255,0.9887	125.1130,-6.3755,0.9887
72	腐食部補修工 第1-056	腐食部補修工						紫外線硬化型FRPシート	格点16-G1	第1工事	第1工事 32 頁	V_K1_P032_1-1		ext_poly	4	133.7030,6.8528,2.1637	133.7030,6.6028,2.1637	133.7030,6.6028,2.4137	133.7030,6.8528,2.4137	133.7130,6.8528,2.1637	133.7130,6.6028,2.1637	133.7130,6.6028,2.4137	133.7130,6.8528,2.4137
73	腐食部補修工 第1-057	腐食部補修工						防食防水テープ	格点16-G2	第1工事	第1工事 33 頁	V_K1_P033_1-1		ext_poly	4	133.7030,-6.3768,0.7489	133.7030,-6.6268,0.7489	133.7030,-6.6268,0.9989	133.7030,-6.3768,0.9989	133.7130,-6.3768,0.7489	133.7130,-6.6268,0.7489	133.7130,-6.6268,0.9989	133.7130,-6.3768,0.9989
74	腐食部補修工 第1-058	腐食部補修工						防食防水テープ	格点16-G2	第1工事	第1工事 33 頁	V_K1_P033_1-1		ext_poly	4	133.7030,-5.3684,0.7489	133.7030,-5.6184,0.7489	133.7030,-5.6184,0.9989	133.7030,-5.3684,0.9989	133.7130,-5.3684,0.7489	133.7130,-5.6184,0.7489	133.7130,-5.6184,0.9989	133.7130,-5.3684,0.9989
75	腐食部補修工 第1-059	腐食部補修工						防食防水テープ	格点16-G2	第1工事	第1工事 33 頁	V_K1_P033_3-3		ext_poly	4	133.9384,-7.4233,0.8654	133.9384,-7.6733,0.8654	133.6884,-7.6733,0.8654	133.6884,-7.4233,0.8654	133.9384,-7.4233,0.8754	133.9384,-7.6733,0.8754	133.6884,-7.6733,0.8754	133.6884,-7.4233,0.8754
76	腐食部補修工 第1-060	腐食部補修工						紫外線硬化型FRPシート	格点17-G2	第1工事	第1工事 35 頁	V_K1_P035_1-1		ext_poly	4	142.3030,-6.6409,2.0163	142.3030,-6.8909,2.0163	142.3030,-6.8909,2.2663	142.3030,-6.6409,2.2663	142.3130,-6.6409,2.0163	142.3130,-6.8909,2.0163	142.3130,-6.8909,2.2663	142.3130,-6.6409,2.2663
77	腐食部補修工 第1-061	腐食部補修工						防食防水テープ	格点17-G2	第1工事	第1工事 35 頁	V_K1_P035_1-1		ext_poly	4	142.3030,-6.3031,0.7463	142.3030,-6.5531,0.7463	142.3030,-6.5531,0.9963	142.3030,-6.3031,0.9963	142.3130,-6.3031,0.7463	142.3130,-6.5531,0.7463	142.3130,-6.5531,0.9963	142.3130,-6.3031,0.9963
78	腐食部補修工 第1-062	腐食部補修工						防食防水テープ	格点17-G2	第1工事	第1工事 35 頁	V_K1_P035_1-1		ext_poly	4	142.3030,-5.2185,0.7463	142.3030,-5.4685,0.7463	142.3030,-5.4685,0.9963	142.3030,-5.2185,0.9963	142.3130,-5.2185,0.7463	142.3130,-5.4685,0.7463	142.3130,-5.4685,0.9963	142.3130,-5.2185,0.9963
79	鋼桁補強工 第1-001	鋼桁補強工						高力ボルト取替	A1-G2	第1工事	第1工事 4 頁	V_K1_P004_3-3		ext_poly	4	-0.1478,-6.3397,-0.0150	-0.1478,-6.2397,-0.0150	-0.0478,-6.2397,-0.0150	-0.0478,-6.3397,-0.0150	-0.1478,-6.3397,0.0850	-0.1478,-6.2397,0.0850	-0.0478,-6.2397,0.0850	-0.0478,-6.3397,0.0850
80	鋼桁補強工 第1-002	鋼桁補強工						高力ボルト取替	A1-G2	第1工事	第1工事 4 頁	V_K1_P004_1-1		ext_poly	4	0.0500,-6.4845,1.0994	0.0500,-6.3845,1.0994	0.0500,-6.3845,1.1994	0.0500,-6.4845,1.1994	-0.0500,-6.4845,1.0994	-0.0500,-6.3845,1.0994	-0.0500,-6.3845,1.1994	-0.0500,-6.4845,1.1994
81	鋼桁補強工 第1-003	鋼桁補強工						高力ボルト取替	A1-G2	第1工事	第1工事 4 頁	V_K1_P004_4-4		ext_poly	4	0.0500,6.4962,1.1019	0.0500,6.5962,1.1019	0.0500,6.5962,1.2019	0.0500,6.4962,1.2019	-0.0500,6.4962,1.1019	-0.0500,6.5962,1.1019	-0.0500,6.5962,1.2019	-0.0500,6.4962,1.2019
82	鋼桁補強工 第1-004	鋼桁補強工						高力ボルト取替	格点1-G2	第1工事	第1工事 5 頁	V_K1_P005_4-4		ext_poly	4	7.1943,-7.0948,0.0958	7.1943,-7.1948,0.0958	7.0943,-7.1948,0.0958	7.0943,-7.0948,0.0958	7.1943,-7.0948,0.1958	7.1943,-7.1948,0.1958	7.0943,-7.1948,0.1958	7.0943,-7.0948,0.1958
83	鋼桁補強工 第1-005	鋼桁補強工						高力ボルト取替	格点2-G2	第1工事	第1工事 6 頁	V_K1_P006_3-3		ext_poly	4	15.2240,-6.3972,0.1568	15.2240,-6.4972,0.1568	15.1240,-6.4972,0.1568	15.1240,-6.3972,0.1568	15.2240,-6.3972,0.2568	15.2240,-6.4972,0.2568	15.1240,-6.4972,0.2568	15.1240,-6.3972,0.2568
84	鋼桁補強工 第1-006	鋼桁補強工						高力ボルト取替	格点3-G2	第1工事	第1工事 7 頁	V_K1_P007_3-3		ext_poly	4	22.7840,-6.3959,0.2277	22.7840,-6.4959,0.2277	22.6840,-6.4959,0.2277	22.6840,-6.3959,0.2277	22.7840,-6.3959,0.3277	22.7840,-6.4959,0.3277	22.6840,-6.4959,0.3277	22.6840,-6.3959,0.3277
85	鋼桁補強工 第1-007	鋼桁補強工						高力ボルト取替	格点4-G2	第1工事	第1工事 8 頁	V_K1_P008_4-4		ext_poly	4	29.8716,-7.0795,0.3236	29.8716,-7.1795,0.3236	29.7716,-7.1795,0.3236	29.7716,-7.0795,0.3236	29.8716,-7.0795,0.4236	29.8716,-7.1795,0.4236	29.7716,-7.1795,0.4236	29.7716,-7.0795,0.4236
86	鋼桁補強工 第1-008	鋼桁補強工						高力ボルト取替	格点4-G2	第1工事	第1工事 8 頁	V_K1_P008_2-2		ext_poly	4	30.1145,-6.5572,1.6036	30.1145,-6.6572,1.6036	30.2145,-6.6572,1.6036	30.2145,-6.5572,1.6036	30.1145,-6.5572,1.5036	30.1145,-6.6572,1.5036	30.2145,-6.6572,1.5036	30.2145,-6.5572,1.5036
87	鋼桁補強工 第1-009	鋼桁補強工						高力ボルト取替	格点4-G2	第1工事	第1工事 8 頁	V_K1_P008_1-1		ext_poly	4	30.1780,-5.7856,1.3841	30.1780,-5.8856,1.3841	30.1780,-5.8856,1.4841	30.1780,-5.7856,1.4841	30.2780,-5.7856,1.3841	30.2780,-5.8856,1.3841	30.2780,-5.8856,1.4841	30.2780,-5.7856,1.4841
88	鋼桁補強工 第1-010	鋼桁補強工						高力ボルト取替	格点4-G2	第1工事	第1工事 8 頁	V_K1_P008_3-3		ext_poly	4	30.3453,-6.3972,0.2986	30.3453,-6.4972,0.2986	30.2453,-6.4972,0.2986	30.2453,-6.3972,0.2986	30.3453,-6.3972,0.3986	30.3453,-6.4972,0.3986	30.2453,-6.4972,0.3986	30.2453,-6.3972,0.3986
89	鋼桁補強工 第1-011	鋼桁補強工						高力ボルト取替	格点5-G2	第1工事	第1工事 10 頁	V_K1_P010_3-3		ext_poly	4	37.9040,-6.3959,0.3694	37.9040,-6.4959,0.3694	37.8040,-6.4959,0.3694	37.8040,-6.3959,0.3694	37.9040,-6.3959,0.4694	37.9040,-6.4959,0.4694	37.8040,-6.4959,0.4694	37.8040,-6.3959,0.4694
90	鋼桁補強工 第1-012	鋼桁補強工						高力ボルト取替	格点6-G2	第1工事	第1工事 12 頁	V_K1_P012_3-3		ext_poly	4	45.4653,-6.3959,0.4401	45.4653,-6.4959,0.4401	45.3653,-6.4959,0.4401	45.3653,-6.3959,0.4401	45.4653,-6.3959,0.5401	45.4653,-6.4959,0.5401	45.3653,-6.4959,0.5401	45.3653,-6.3959,0.5401
91	鋼桁補強工 第1-013	鋼桁補強工						高力ボルト取替	格点7-G2	第1工事	第1工事 13 頁	V_K1_P013_3-3		ext_poly	4	53.0279,-6.3248,0.5111	53.0279,-6.4248,0.5111	52.9279,-6.4248,0.5111	52.9279,-6.3248,0.5111	53.0279,-6.3248,0.6111	53.0279,-6.4248,0.6111	52.9279,-6.4248,0.6111	52.9279,-6.3248,0.6111
92	鋼桁補強工 第1-014	鋼桁補強工						高力ボルト取替	格点8-G2	第1工事	第1工事 15 頁	V_K1_P015_3-3		ext_poly	4	60.5879,-6.3248,0.5396	60.5879,-6.4248,0.5396	60.4879,-6.4248,0.5396	60.4879,-6.3248,0.5396	60.5879,-6.3248,0.6396	60.5879,-6.4248,0.6396	60.4879,-6.4248,0.6396	60.4879,-6.3248,0.6396
93	鋼桁補強工 第1-015	鋼桁補強工						高力ボルト取替	格点9-G2	第1工事	第1工事 17 頁	V_K1_P017_3-3		ext_poly	4	68.1479,-6.3248,0.6089	68.1479,-6.4248,0.6089	68.0479,-6.4248,0.6089	68.0479,-6.3248,0.6089	68.1479,-6.3248,0.7089	68.1479,-6.4248,0.7089	68.0479,-6.4248,0.7089	68.0479,-6.3248,0.7089
94	鋼桁補強工 第1-016	鋼桁補強工						高力ボルト取替	格点10-G2	第1工事	第1工事 19 頁	V_K1_P019_4-4		ext_poly	4	75.7028,-6.9500,0.6641	75.7028,-7.0500,0.6641	75.6028,-7.0500,0.6641	75.6028,-6.9500,0.6641	75.7028,-6.9500,0.7641	75.7028,-7.0500,0.7641	75.6028,-7.0500,0.7641	75.6028,-6.9500,0.7641
95	鋼桁補強工 第1-017	鋼桁補強工						高力ボルト取替	格点11-G2	第1工事	第1工事 21 頁	V_K1_P021_3-3		ext_poly	4	83.2679,-6.3248,0.6935	83.2679,-6.4248,0.6935	83.1679,-6.4248,0.6935	83.1679,-6.3248,0.6935	83.2679,-6.3248,0.7935	83.2679,-6.4248,0.7935	83.1679,-6.4248,0.7935	83.1679,-6.3248,0.7935
96	鋼桁補強工 第1-018	鋼桁補強工						高力ボルト取替	P1-G2	第1工事	第1工事 23 頁	V_K1_P023_2-2		ext_poly	4	90.4485,-6.3845,2.0408	90.4485,-6.4845,2.0408	90.5485,-6.4845,2.0408	90.5485,-6.3845,2.0408	90.4485,-6.3845,1.9408	90.4485,-6.4845,1.9408	90.5485,-6.4845,1.9408	90.5485,-6.3845,1.9408
97	鋼桁補強工 第1-019	鋼桁補強工						高力ボルト取替	P1-G1	第1工事	第1工事 22 頁	V_K1_P022_2-2		ext_poly	4	90.4612,6.6839,2.0408	90.4612,6.5839,2.0408	90.5612,6.5839,2.0408	90.5612,6.6839,2.0408	90.4612,6.6839,1.9408	90.4612,6.5839,1.9408	90.5612,6.5839,1.9408	90.5612,6.6839,1.9408
98	鋼桁補強工 第1-020	鋼桁補強工						高力ボルト取替	P1-G2	第1工事	第1工事 23 頁	V_K1_P023_3-3		ext_poly	4	90.9523,-6.2854,0.7358	90.9523,-6.3854,0.7358	90.8523,-6.3854,0.7358	90.8523,-6.2854,0.7358	90.9523,-6.2854,0.8358	90.9523,-6.3854,0.8358	90.8523,-6.3854,0.8358	90.8523,-6.2854,0.8358
99	鋼桁補強工 第1-021	鋼桁補強工						高力ボルト取替	格点13-G2	第1工事	第1工事 27 頁	V_K1_P027_3-3		ext_poly	4	108.0228,-6.4010,0.7781	108.0228,-6.5010,0.7781	107.9228,-6.5010,0.7781	107.9228,-6.4010,0.7781	108.0228,-6.4010,0.8781	108.0228,-6.5010,0.8781	107.9228,-6.5010,0.8781	107.9228,-6.4010,0.8781
100	鋼桁補強工 第1-022	鋼桁補強工						高力ボルト取替	格点15-G2	第1工事	第1工事 31 頁	V_K1_P031_3-3		ext_poly	4	125.2228,-6.4023,0.8204	125.2228,-6.5023,0.8204	125.1228,-6.5023,0.8204	125.1228,-6.4023,0.8204	125.2228,-6.4023,0.9204	125.2228,-6.5023,0.9204	125.1228,-6.5023,0.9204	125.1228,-6.4023,0.9204
101	鋼桁補強工 第1-023	鋼桁補強工						高力ボルト取替	格点16-G2	第1工事	第1工事 33 頁	V_K1_P033_3-3		ext_poly	4	133.8228,-6.4010,0.8204	133.8228,-6.5010,0.8204	133.7228,-6.5010,0.8204	133.7228,-6.4010,0.8204	133.8228,-6.4010,0.9204	133.8228,-6.5010,0.9204	133.7228,-6.5010,0.9204	133.7228,-6.4010,0.9204
102	鋼桁補強工 第1-024	鋼桁補強工						高力ボルト取替	格点17-G2	第1工事	第1工事 35 頁	V_K1_P035_3-3		ext_poly	4	142.4228,-6.4010,0.8204	142.4228,-6.5010,0.8204	142.3228,-6.5010,0.8204	142.3228,-6.4010,0.8204	142.4228,-6.4010,0.9204	142.4228,-6.5010,0.9204	142.3228,-6.5010,0.9204	142.3228,-6.4010,0.9204
103	高力ボルト当て板鋼桁補強工 第1-001	高力ボルト当て板鋼桁補強工						補修部材(1)	A1-G2	第1工事	第1工事 4 頁	V_K1_P004_1-1		ext_poly	4	0.0100,-6.8461,-0.0776	0.0100,-6.5461,-0.0776	0.0100,-6.5461,0.2224	0.0100,-6.8461,0.2224	-0.0100,-6.8461,-0.0776	-0.0100,-6.5461,-0.0776	-0.0100,-6.5461,0.2224	-0.0100,-6.8461,0.2224
104	高力ボルト当て板鋼桁補強工 第1-002	高力ボルト当て板鋼桁補強工						補修部材(2)	格点1-G2	第1工事	第1工事 5 頁	V_K1_P005_3-3		ext_poly	4	7.6220,-6.7175,0.1108	7.6220,-7.0175,0.1108	7.3220,-7.0175,0.1108	7.3220,-6.7175,0.1108	7.6220,-6.7175,0.1308	7.6220,-7.0175,0.1308	7.3220,-7.0175,0.1308	7.3220,-6.7175,0.1308
105	高力ボルト当て板鋼桁補強工 第1-003	高力ボルト当て板鋼桁補強工						補修部材(3)	格点2-G2	第1工事	第1工事 6 頁	V_K1_P006_1-1		ext_poly	4	15.0980,-5.2690,0.0752	15.0980,-5.5690,0.0752	15.0980,-5.5690,0.3752	15.0980,-5.2690,0.3752	15.1180,-5.2690,0.0752	15.1180,-5.5690,0.0752	15.1180,-5.5690,0.3752	15.1180,-5.2690,0.3752
106	高力ボルト当て板鋼桁補強工 第1-004	高力ボルト当て板鋼桁補強工						補修部材(4)	格点2-G2	第1工事	第1工事 6 頁	V_K1_P006_3-3		ext_poly	4	15.1818,-6.7188,0.1968	15.1818,-7.0188,0.1968	14.8818,-7.0188,0.1968	14.8818,-6.7188,0.1968	15.1818,-6.7188,0.2168	15.1818,-7.0188,0.2168	14.8818,-7.0188,0.2168	14.8818,-6.7188,0.2168
107	高力ボルト当て板鋼桁補強工 第1-005	高力ボルト当て板鋼桁補強工						補修部材(6)	格点3-G2	第1工事	第1工事 7 頁	V_K1_P007_5-5		ext_poly	4	22.3770,-7.5100,1.4469	22.6770,-7.5100,1.4469	22.6770,-7.5100,1.7469	22.3770,-7.5100,1.7469	22.3770,-7.4900,1.4469	22.6770,-7.4900,1.4469	22.6770,-7.4900,1.7469	22.3770,-7.4900,1.7469
108	高力ボルト当て板鋼桁補強工 第1-006	高力ボルト当て板鋼桁補強工						補修部材(5)	格点3-G2	第1工事	第1工事 7 頁	V_K1_P007_1-1		ext_poly	4	22.6580,-5.9835,0.1819	22.6580,-6.2835,0.1819	22.6580,-6.2835,0.4819	22.6580,-5.9835,0.4819	22.6780,-5.9835,0.1819	22.6780,-6.2835,0.1819	22.6780,-6.2835,0.4819	22.6780,-5.9835,0.4819
109	高力ボルト当て板鋼桁補強工 第1-007	高力ボルト当て板鋼桁補強工						補修部材(7)	格点4-G2	第1工事	第1工事 8 頁	V_K1_P008_1-1		ext_poly	4	30.2180,-5.2690,0.2122	30.2180,-5.5690,0.2122	30.2180,-5.5690,0.5122	30.2180,-5.2690,0.5122	30.2380,-5.2690,0.2122	30.2380,-5.5690,0.2122	30.2380,-5.5690,0.5122	30.2380,-5.2690,0.5122
110	高力ボルト当て板鋼桁補強工 第1-008	高力ボルト当て板鋼桁補強工						補修部材(8)	格点4-G2	第1工事	第1工事 8 頁	V_K1_P008_3-3		ext_poly	4	30.3335,-6.7188,0.3386	30.3335,-7.0188,0.3386	30.0335,-7.0188,0.3386	30.0335,-6.7188,0.3386	30.3335,-6.7188,0.3586	30.3335,-7.0188,0.3586	30.0335,-7.0188,0.3586	30.0335,-6.7188,0.3586
111	高力ボルト当て板鋼桁補強工 第1-009	高力ボルト当て板鋼桁補強工						補修部材(10)	格点5-G2	第1工事	第1工事 10 頁	V_K1_P010_3-3		ext_poly	4	37.6154,-6.7531,0.4094	37.6154,-7.0531,0.4094	37.3154,-7.0531,0.4094	37.3154,-6.7531,0.4094	37.6154,-6.7531,0.4294	37.6154,-7.0531,0.4294	37.3154,-7.0531,0.4294	37.3154,-6.7531,0.4294
112	高力ボルト当て板鋼桁補強工 第1-010	高力ボルト当て板鋼桁補強工						補修部材(9)	格点5-G2	第1工事	第1工事 10 頁	V_K1_P010_3-3		ext_poly	4	38.1107,-5.9225,0.4094	38.1107,-6.2225,0.4094	37.8107,-6.2225,0.4094	37.8107,-5.9225,0.4094	38.1107,-5.9225,0.4294	38.1107,-6.2225,0.4294	37.8107,-6.2225,0.4294	37.8107,-5.9225,0.4294
113	高力ボルト当て板鋼桁補強工 第1-011	高力ボルト当て板鋼桁補強工						補修部材(11)	格点6-G2	第1工事	第1工事 12 頁	V_K1_P012_3-3		ext_poly	4	45.6720,-6.0140,0.4801	45.6720,-6.3140,0.4801	45.3720,-6.3140,0.4801	45.3720,-6.0140,0.4801	45.6720,-6.0140,0.5001	45.6720,-6.3140,0.5001	45.3720,-6.3140,0.5001	45.3720,-6.0140,0.5001
114	高力ボルト当て板鋼桁補強工 第1-012	高力ボルト当て板鋼桁補強工						補修部材(13)	格点7-G2	第1工事	第1工事 13 頁	V_K1_P013_1-1		ext_poly	4	52.8980,-7.0350,1.6769	52.8980,-7.3350,1.6769	52.8980,-7.3350,1.9769	52.8980,-7.0350,1.9769	52.9180,-7.0350,1.6769	52.9180,-7.3350,1.6769	52.9180,-7.3350,1.9769	52.9180,-7.0350,1.9769
115	高力ボルト当て板鋼桁補強工 第1-013	高力ボルト当て板鋼桁補強工						補修部材(12)	格点7-G2	第1工事	第1工事 13 頁	V_K1_P013_3-3		ext_poly	4	53.4352,-6.8547,0.5511	53.4352,-7.1547,0.5511	53.1352,-7.1547,0.5511	53.1352,-6.8547,0.5511	53.4352,-6.8547,0.5711	53.4352,-7.1547,0.5711	53.1352,-7.1547,0.5711	53.1352,-6.8547,0.5711
116	高力ボルト当て板鋼桁補強工 第1-014	高力ボルト当て板鋼桁補強工						補修部材(14)	格点9-G2	第1工事	第1工事 17 頁	V_K1_P017_3-3		ext_poly	4	68.5552,-6.8547,0.6489	68.5552,-7.1547,0.6489	68.2552,-7.1547,0.6489	68.2552,-6.8547,0.6489	68.5552,-6.8547,0.6689	68.5552,-7.1547,0.6689	68.2552,-7.1547,0.6689	68.2552,-6.8547,0.6689
117	高力ボルト当て板鋼桁補強工 第1-015	高力ボルト当て板鋼桁補強工						補修部材(15)	格点10-G2	第1工事	第1工事 19 頁	V_K1_P019_3-3		ext_poly	4	75.8739,-6.0851,0.6791	75.8739,-6.3851,0.6791	75.5739,-6.3851,0.6791	75.5739,-6.0851,0.6791	75.8739,-6.0851,0.6991	75.8739,-6.3851,0.6991	75.5739,-6.3851,0.6991	75.5739,-6.0851,0.6991
118	高力ボルト当て板鋼桁補強工 第1-016	高力ボルト当て板鋼桁補強工						補修部材(19)	格点11-G2	第1工事	第1工事 21 頁	V_K1_P021_5-5		ext_poly	4	82.8545,-7.5100,1.9127	83.1545,-7.5100,1.9127	83.1545,-7.5100,2.2127	82.8545,-7.5100,2.2127	82.8545,-7.4900,1.9127	83.1545,-7.4900,1.9127	83.1545,-7.4900,2.2127	82.8545,-7.4900,2.2127
119	高力ボルト当て板鋼桁補強工 第1-017	高力ボルト当て板鋼桁補強工						補修部材(17)	格点11-G2	第1工事	第1工事 21 頁	V_K1_P021_1-1		ext_poly	4	83.1380,-5.0996,0.6376	83.1380,-5.3996,0.6376	83.1380,-5.3996,0.9376	83.1380,-5.0996,0.9376	83.1580,-5.0996,0.6376	83.1580,-5.3996,0.6376	83.1580,-5.3996,0.9376	83.1580,-5.0996,0.9376
120	高力ボルト当て板鋼桁補強工 第1-018	高力ボルト当て板鋼桁補強工						補修部材(18)	格点11-G2	第1工事	第1工事 21 頁	V_K1_P021_3-3		ext_poly	4	83.7006,-6.8318,0.7335	83.7006,-7.1318,0.7335	83.4006,-7.1318,0.7335	83.4006,-6.8318,0.7335	83.7006,-6.8318,0.7535	83.7006,-7.1318,0.7535	83.4006,-7.1318,0.7535	83.4006,-6.8318,0.7535
121	高力ボルト当て板鋼桁補強工 第1-019	高力ボルト当て板鋼桁補強工						補修部材(16)	格点11-G1	第1工事	第1工事 20 頁	V_K1_P020_4-4		ext_poly	4	83.7742,6.8554,0.7585	83.7742,6.5554,0.7585	83.4742,6.5554,0.7585	83.4742,6.8554,0.7585	83.7742,6.8554,0.7785	83.7742,6.5554,0.7785	83.4742,6.5554,0.7785	83.4742,6.8554,0.7785
122	高力ボルト当て板鋼桁補強工 第1-020	高力ボルト当て板鋼桁補強工						補修部材(20)	P1-G2	第1工事	第1工事 23 頁	V_K1_P023_3-3		ext_poly	4	91.4105,-6.5943,0.7758	91.4105,-6.8943,0.7758	91.1105,-6.8943,0.7758	91.1105,-6.5943,0.7758	91.4105,-6.5943,0.7958	91.4105,-6.8943,0.7958	91.1105,-6.8943,0.7958	91.1105,-6.5943,0.7958
123	高力ボルト当て板鋼桁補強工 第1-021	高力ボルト当て板鋼桁補強工						補修部材(21)	格点12-G1	第1工事	第1工事 24 頁	V_K1_P024_5-5		ext_poly	4	99.0158,7.4900,1.9550	99.3158,7.4900,1.9550	99.3158,7.4900,2.2550	99.0158,7.4900,2.2550	99.0158,7.5100,1.9550	99.3158,7.5100,1.9550	99.3158,7.5100,2.2550	99.0158,7.5100,2.2550
124	高力ボルト当て板鋼桁補強工 第1-022	高力ボルト当て板鋼桁補強工						補修部材(22)	格点12-G1	第1工事	第1工事 24 頁	V_K1_P024_1-1		ext_poly	4	99.2980,6.8689,2.5214	99.2980,6.5689,2.5214	99.2980,6.5689,2.8214	99.2980,6.8689,2.8214	99.3180,6.8689,2.5214	99.3180,6.5689,2.5214	99.3180,6.5689,2.8214	99.3180,6.8689,2.8214
125	高力ボルト当て板鋼桁補強工 第1-023	高力ボルト当て板鋼桁補強工						補修部材(23)	格点12-G2	第1工事	第1工事 25 頁	V_K1_P025_1-1		ext_poly	4	99.2980,-5.5949,0.6545	99.2980,-5.8949,0.6545	99.2980,-5.8949,0.9545	99.2980,-5.5949,0.9545	99.3180,-5.5949,0.6545	99.3180,-5.8949,0.6545	99.3180,-5.8949,0.9545	99.3180,-5.5949,0.9545
126	高力ボルト当て板鋼桁補強工 第1-024	高力ボルト当て板鋼桁補強工						補修部材(24)	格点12-G2	第1工事	第1工事 25 頁	V_K1_P025_1-1		ext_poly	4	99.2980,-6.9411,0.6672	99.2980,-7.2411,0.6672	99.2980,-7.2411,0.9672	99.2980,-6.9411,0.9672	99.3180,-6.9411,0.6672	99.3180,-7.2411,0.6672	99.3180,-7.2411,0.9672	99.3180,-6.9411,0.9672
127	高力ボルト当て板鋼桁補強工 第1-025	高力ボルト当て板鋼桁補強工						補修部材(25)	格点13-G1	第1工事	第1工事 26 頁	V_K1_P026_1-1		ext_poly	4	107.8980,5.9642,0.6917	107.8980,5.6642,0.6917	107.8980,5.6642,0.9917	107.8980,5.9642,0.9917	107.9180,5.9642,0.6917	107.9180,5.6642,0.6917	107.9180,5.6642,0.9917	107.9180,5.9642,0.9917
128	高力ボルト当て板鋼桁補強工 第1-026	高力ボルト当て板鋼桁補強工						補修部材(26)	格点13-G1	第1工事	第1工事 26 頁	V_K1_P026_1-1		ext_poly	4	107.8980,5.4282,0.6917	107.8980,5.1282,0.6917	107.8980,5.1282,0.9917	107.8980,5.4282,0.9917	107.9180,5.4282,0.6917	107.9180,5.1282,0.6917	107.9180,5.1282,0.9917	107.9180,5.4282,0.9917
129	高力ボルト当て板鋼桁補強工 第1-027	高力ボルト当て板鋼桁補強工						補修部材(27)	格点13-G2	第1工事	第1工事 27 頁	V_K1_P027_1-1		ext_poly	4	107.8980,-4.8220,0.6994	107.8980,-5.1220,0.6994	107.8980,-5.1220,0.9994	107.8980,-4.8220,0.9994	107.9180,-4.8220,0.6994	107.9180,-5.1220,0.6994	107.9180,-5.1220,0.9994	107.9180,-4.8220,0.9994
130	高力ボルト当て板鋼桁補強工 第1-028	高力ボルト当て板鋼桁補強工						補修部材(28)	格点14-G1	第1工事	第1工事 28 頁	V_K1_P028_4-4		ext_poly	4	116.2529,6.9366,0.8759	116.2529,6.6366,0.8759	115.9529,6.6366,0.8759	115.9529,6.9366,0.8759	116.2529,6.9366,0.8959	116.2529,6.6366,0.8959	115.9529,6.6366,0.8959	115.9529,6.9366,0.8959
131	高力ボルト当て板鋼桁補強工 第1-029	高力ボルト当て板鋼桁補強工						補修部材(29)	格点14-G2	第1工事	第1工事 29 頁	V_K1_P029_3-3		ext_poly	4	116.4865,-5.8362,0.8509	116.4865,-6.1362,0.8509	116.1865,-6.1362,0.8509	116.1865,-5.8362,0.8509	116.4865,-5.8362,0.8709	116.4865,-6.1362,0.8709	116.1865,-6.1362,0.8709	116.1865,-5.8362,0.8709
132	高力ボルト当て板鋼桁補強工 第1-030	高力ボルト当て板鋼桁補強工						補修部材(30)	格点14-G2	第1工事	第1工事 29 頁	V_K1_P029_1-1		ext_poly	4	116.4980,-6.9411,0.7347	116.4980,-7.2411,0.7347	116.4980,-7.2411,1.0347	116.4980,-6.9411,1.0347	116.5180,-6.9411,0.7347	116.5180,-7.2411,0.7347	116.5180,-7.2411,1.0347	116.5180,-6.9411,1.0347
133	高力ボルト当て板鋼桁補強工 第1-031	高力ボルト当て板鋼桁補強工						補修部材(31)	格点15-G1	第1工事	第1工事 30 頁	V_K1_P030_1-1		ext_poly	4	125.0980,6.8702,2.5984	125.0980,6.5702,2.5984	125.0980,6.5702,2.8984	125.0980,6.8702,2.8984	125.1180,6.8702,2.5984	125.1180,6.5702,2.5984	125.1180,6.5702,2.8984	125.1180,6.8702,2.8984
134	高力ボルト当て板鋼桁補強工 第1-032	高力ボルト当て板鋼桁補強工						補修部材(32)	格点15-G2	第1工事	第1工事 31 頁	V_K1_P031_1-1		ext_poly	4	125.0980,-5.5936,0.7340	125.0980,-5.8936,0.7340	125.0980,-5.8936,1.0340	125.0980,-5.5936,1.0340	125.1180,-5.5936,0.7340	125.1180,-5.8936,0.7340	125.1180,-5.8936,1.0340	125.1180,-5.5936,1.0340
135	高力ボルト当て板鋼桁補強工 第1-033	高力ボルト当て板鋼桁補強工						補修部材(33)	格点15-G2	第1工事	第1工事 31 頁	V_K1_P031_1-1		ext_poly	4	125.0980,-6.6502,0.7137	125.0980,-6.9502,0.7137	125.0980,-6.9502,1.0137	125.0980,-6.6502,1.0137	125.1180,-6.6502,0.7137	125.1180,-6.9502,0.7137	125.1180,-6.9502,1.0137	125.1180,-6.6502,1.0137
136	高力ボルト当て板鋼桁補強工 第1-034	高力ボルト当て板鋼桁補強工						補修部材(34)	格点16-G1	第1工事	第1工事 32 頁	V_K1_P032_1-1		ext_poly	4	133.6980,6.3419,0.7366	133.6980,6.0419,0.7366	133.6980,6.0419,1.0366	133.6980,6.3419,1.0366	133.7180,6.3419,0.7366	133.7180,6.0419,0.7366	133.7180,6.0419,1.0366	133.7180,6.3419,1.0366
137	高力ボルト当て板鋼桁補強工 第1-035	高力ボルト当て板鋼桁補強工						補修部材(35)	格点16-G2	第1工事	第1工事 33 頁	V_K1_P033_1-1		ext_poly	4	133.6980,-5.5949,0.7442	133.6980,-5.8949,0.7442	133.6980,-5.8949,1.0442	133.6980,-5.5949,1.0442	133.7180,-5.5949,0.7442	133.7180,-5.8949,0.7442	133.7180,-5.8949,1.0442	133.7180,-5.5949,1.0442
138	高力ボルト当て板鋼桁補強工 第1-036	高力ボルト当て板鋼桁補強工						補修部材(36)	格点17-G1	第1工事	第1工事 34 頁	V_K1_P034_1-1		ext_poly	4	142.2980,6.8766,0.7340	142.2980,6.5766,0.7340	142.2980,6.5766,1.0340	142.2980,6.8766,1.0340	142.3180,6.8766,0.7340	142.3180,6.5766,0.7340	142.3180,6.5766,1.0340	142.3180,6.8766,1.0340
139	高力ボルト当て板鋼桁補強工 第1-037	高力ボルト当て板鋼桁補強工						補修部材(37)	格点17-G1	第1工事	第1工事 34 頁	V_K1_P034_1-1		ext_poly	4	142.2980,6.3406,0.7340	142.2980,6.0406,0.7340	142.2980,6.0406,1.0340	142.2980,6.3406,1.0340	142.3180,6.3406,0.7340	142.3180,6.0406,0.7340	142.3180,6.0406,1.0340	142.3180,6.3406,1.0340
140	高力ボルト当て板鋼桁補強工 第1-038	高力ボルト当て板鋼桁補強工						補修部材(38)	格点17-G1	第1工事	第1工事 34 頁	V_K1_P034_1-1		ext_poly	4	142.2980,6.8689,2.6086	142.2980,6.5689,2.6086	142.2980,6.5689,2.9086	142.2980,6.8689,2.9086	142.3180,6.8689,2.6086	142.3180,6.5689,2.6086	142.3180,6.5689,2.9086	142.3180,6.8689,2.9086
141	高力ボルト当て板鋼桁補強工 第1-039	高力ボルト当て板鋼桁補強工						補修部材(39)	格点17-G2	第1工事	第1工事 35 頁	V_K1_P035_1-1		ext_poly	4	142.2980,-5.5949,0.7417	142.2980,-5.8949,0.7417	142.2980,-5.8949,1.0417	142.2980,-5.5949,1.0417	142.3180,-5.5949,0.7417	142.3180,-5.8949,0.7417	142.3180,-5.8949,1.0417	142.3180,-5.5949,1.0417
142	ひびわれ補修工 第2-001	ひびわれ補修工						低圧注入工法(A)		第2工事	第2工事 2 頁（橋梁一般図(1) の数量表）				
143	ひびわれ補修工 第2-002	ひびわれ補修工						低圧注入工法(B)		第2工事	第2工事 2 頁（橋梁一般図(1) の数量表）				
144	ひびわれ補修工 第2-003	ひびわれ補修工						充てん工法(A)		第2工事	第2工事 2 頁（橋梁一般図(1) の数量表）				
145	保護ボルトキャップ 第2-001	保護ボルトキャップ						保護ボルトキャップ	x 284.6 m	第2工事	第2工事 2 頁（橋梁一般図(1)）	V_K2_下路平面図		ext_poly	4	284.2800,-7.7830,0.2022	284.8800,-7.7830,0.2022	284.8800,-7.1830,0.2022	284.2800,-7.1830,0.2022	284.2800,-7.7830,-0.0978	284.8800,-7.7830,-0.0978	284.8800,-7.1830,-0.0978	284.2800,-7.1830,-0.0978
146	保護ボルトキャップ 第2-002	保護ボルトキャップ						保護ボルトキャップ	x 284.6 m	第2工事	第2工事 2 頁（橋梁一般図(1)）	V_K2_下路平面図		ext_poly	4	284.2800,7.1925,0.2022	284.8800,7.1925,0.2022	284.8800,7.7925,0.2022	284.2800,7.7925,0.2022	284.2800,7.1925,-0.0978	284.8800,7.1925,-0.0978	284.8800,7.7925,-0.0978	284.2800,7.7925,-0.0978
147	排水施設工 第2-001	排水施設工						取付金具C	x 150.5 m	第2工事	第2工事 2 頁（橋梁一般図(1)）	V_K2_下路平面図		ext_poly	4	150.3766,3.0352,0.9754	150.5766,3.0352,0.9754	150.5766,3.2352,0.9754	150.3766,3.2352,0.9754	150.3766,3.0352,0.7754	150.5766,3.0352,0.7754	150.5766,3.2352,0.7754	150.3766,3.2352,0.7754
148	排水施設工 第2-002	排水施設工						目皿取替	x 151.4 m	第2工事	第2工事 2 頁（橋梁一般図(1)）	V_K2_下路平面図		ext_poly	4	151.1650,2.9852,1.5754	151.5650,2.9852,1.5754	151.5650,3.2852,1.5754	151.1650,3.2852,1.5754	151.1650,2.9852,1.3754	151.5650,2.9852,1.3754	151.5650,3.2852,1.3754	151.1650,3.2852,1.3754
149	排水施設工 第2-003	排水施設工						取付金具A	x 184.9 m	第2工事	第2工事 2 頁（橋梁一般図(1)）	V_K2_下路平面図		ext_poly	4	184.7697,8.2809,0.9331	184.9697,8.2809,0.9331	184.9697,8.4809,0.9331	184.7697,8.4809,0.9331	184.7697,8.2809,0.7331	184.9697,8.2809,0.7331	184.9697,8.4809,0.7331	184.7697,8.4809,0.7331
150	排水施設工 第2-004	排水施設工						取付金具A	x 185.3 m	第2工事	第2工事 2 頁（橋梁一般図(1)）	V_K2_下路平面図		ext_poly	4	185.2350,-7.5830,0.9319	185.4350,-7.5830,0.9319	185.4350,-7.3830,0.9319	185.2350,-7.3830,0.9319	185.2350,-7.5830,0.7319	185.4350,-7.5830,0.7319	185.4350,-7.3830,0.7319	185.2350,-7.3830,0.7319
151	排水施設工 第2-005	排水施設工						取付金具A	x 208.6 m	第2工事	第2工事 2 頁（橋梁一般図(1)）	V_K2_下路平面図		ext_poly	4	208.5022,-8.5137,0.8062	208.7022,-8.5137,0.8062	208.7022,-8.3137,0.8062	208.5022,-8.3137,0.8062	208.5022,-8.5137,0.6062	208.7022,-8.5137,0.6062	208.7022,-8.3137,0.6062	208.5022,-8.3137,0.6062
152	排水施設工 第2-006	排水施設工						取付金具B	x 208.6 m	第2工事	第2工事 2 頁（橋梁一般図(1)）	V_K2_下路平面図		ext_poly	4	208.5022,-8.5137,0.8062	208.7022,-8.5137,0.8062	208.7022,-8.3137,0.8062	208.5022,-8.3137,0.8062	208.5022,-8.5137,0.6062	208.7022,-8.5137,0.6062	208.7022,-8.3137,0.6062	208.5022,-8.3137,0.6062
153	排水施設工 第2-007	排水施設工						取付金具C	x 208.6 m	第2工事	第2工事 2 頁（橋梁一般図(1)）	V_K2_下路平面図		ext_poly	4	208.5022,3.0352,0.8062	208.7022,3.0352,0.8062	208.7022,3.2352,0.8062	208.5022,3.2352,0.8062	208.5022,3.0352,0.6062	208.7022,3.0352,0.6062	208.7022,3.2352,0.6062	208.5022,3.2352,0.6062
154	排水施設工 第2-008	排水施設工						取付金具A	x 231.3 m	第2工事	第2工事 2 頁（橋梁一般図(1)）	V_K2_下路平面図		ext_poly	4	231.1771,8.2809,0.6706	231.3771,8.2809,0.6706	231.3771,8.4809,0.6706	231.1771,8.4809,0.6706	231.1771,8.2809,0.4706	231.3771,8.2809,0.4706	231.3771,8.4809,0.4706	231.1771,8.4809,0.4706
155	排水施設工 第2-009	排水施設工						取付金具C	x 231.3 m	第2工事	第2工事 2 頁（橋梁一般図(1)）	V_K2_下路平面図		ext_poly	4	231.1771,3.0352,0.6706	231.3771,3.0352,0.6706	231.3771,3.2352,0.6706	231.1771,3.2352,0.6706	231.1771,3.0352,0.4706	231.3771,3.0352,0.4706	231.3771,3.2352,0.4706	231.1771,3.2352,0.4706
156	排水施設工 第2-010	排水施設工						取付金具C	x 254.0 m	第2工事	第2工事 2 頁（橋梁一般図(1)）	V_K2_下路平面図		ext_poly	4	253.8520,3.0352,0.4582	254.0520,3.0352,0.4582	254.0520,3.2352,0.4582	253.8520,3.2352,0.4582	253.8520,3.0352,0.2582	254.0520,3.0352,0.2582	254.0520,3.2352,0.2582	253.8520,3.2352,0.2582
157	排水施設工 第2-011	排水施設工						取付金具C	x 276.6 m	第2工事	第2工事 2 頁（橋梁一般図(1)）	V_K2_下路平面図		ext_poly	4	276.4846,3.0352,0.2460	276.6846,3.0352,0.2460	276.6846,3.2352,0.2460	276.4846,3.2352,0.2460	276.4846,3.0352,0.0460	276.6846,3.0352,0.0460	276.6846,3.2352,0.0460	276.4846,3.2352,0.0460
158	排水施設工 第2-012	排水施設工						取付金具A	x 277.9 m	第2工事	第2工事 2 頁（橋梁一般図(1)）	V_K2_下路平面図		ext_poly	4	277.7960,8.4501,0.2337	277.9960,8.4501,0.2337	277.9960,8.6501,0.2337	277.7960,8.6501,0.2337	277.7960,8.4501,0.0337	277.9960,8.4501,0.0337	277.9960,8.6501,0.0337	277.7960,8.6501,0.0337
159	支承防錆工 第2-001	支承防錆工						支承防錆(A)	x 284.6 m	第2工事	第2工事 2 頁（橋梁一般図(1)）	V_K2_下路平面図		ext_poly	4	284.0800,7.0925,0.0022	285.0800,7.0925,0.0022	285.0800,7.8925,0.0022	284.0800,7.8925,0.0022	284.0800,7.0925,-0.4978	285.0800,7.0925,-0.4978	285.0800,7.8925,-0.4978	284.0800,7.8925,-0.4978
160	支承防錆工 第2-002	支承防錆工						支承防錆(B)	x 284.6 m	第2工事	第2工事 2 頁（橋梁一般図(1)）	V_K2_下路平面図		ext_poly	4	284.0800,-7.8830,0.0022	285.0800,-7.8830,0.0022	285.0800,-7.0830,0.0022	284.0800,-7.0830,0.0022	284.0800,-7.8830,-0.4978	285.0800,-7.8830,-0.4978	285.0800,-7.0830,-0.4978	284.0800,-7.0830,-0.4978
161	断面修復工 第2-001	断面修復工						左官工法(A)		第2工事	第2工事 2 頁（橋梁一般図(1) の数量表）				
162	橋梁塗装工 第2-001	橋梁塗装工						橋梁塗装工(Rc-I 塗り重ね部)		第2工事	第2工事 2 頁（橋梁一般図(1) の数量表）				
163	橋梁塗装工 第2-002	橋梁塗装工						橋梁塗装工(Rc-I)		第2工事	第2工事 2 頁（橋梁一般図(1) の数量表）				
164	腐食部補修工 第2-001	腐食部補修工						紫外線硬化型FRPシート	格点18-G1	第2工事	第2工事 4 頁	V_K2_P004_1-1		ext_poly	4	150.9030,6.9430,2.0189	150.9030,6.6930,2.0189	150.9030,6.6930,2.2689	150.9030,6.9430,2.2689	150.9130,6.9430,2.0189	150.9130,6.6930,2.0189	150.9130,6.6930,2.2689	150.9130,6.9430,2.2689
165	腐食部補修工 第2-002	腐食部補修工						防食防水テープ	格点18-G1	第2工事	第2工事 4 頁	V_K2_P004_1-1		ext_poly	4	150.9030,6.8033,1.9452	150.9030,6.5533,1.9452	150.9030,6.5533,2.1952	150.9030,6.8033,2.1952	150.9130,6.8033,1.9452	150.9130,6.5533,1.9452	150.9130,6.5533,2.1952	150.9130,6.8033,2.1952
166	腐食部補修工 第2-003	腐食部補修工						防食防水テープ	格点19-G1	第2工事	第2工事 6 頁	V_K2_P006_1-1		ext_poly	4	159.5030,6.5493,0.7387	159.5030,6.2993,0.7387	159.5030,6.2993,0.9887	159.5030,6.5493,0.9887	159.5130,6.5493,0.7387	159.5130,6.2993,0.7387	159.5130,6.2993,0.9887	159.5130,6.5493,0.9887
167	腐食部補修工 第2-004	腐食部補修工						防食防水テープ	格点19-G2	第2工事	第2工事 7 頁	V_K2_P007_1-1		ext_poly	4	159.5030,-6.6359,1.9325	159.5030,-6.8859,1.9325	159.5030,-6.8859,2.1825	159.5030,-6.6359,2.1825	159.5130,-6.6359,1.9325	159.5130,-6.8859,1.9325	159.5130,-6.8859,2.1825	159.5130,-6.6359,2.1825
168	腐食部補修工 第2-005	腐食部補修工						防食防水テープ	格点19-G2	第2工事	第2工事 7 頁	V_K2_P007_3-3		ext_poly	4	159.7384,-6.3742,0.8654	159.7384,-6.6242,0.8654	159.4884,-6.6242,0.8654	159.4884,-6.3742,0.8654	159.7384,-6.3742,0.8754	159.7384,-6.6242,0.8754	159.4884,-6.6242,0.8754	159.4884,-6.3742,0.8754
169	腐食部補修工 第2-006	腐食部補修工						防食防水テープ	格点19-G2	第2工事	第2工事 7 頁	V_K2_P007_5-5		ext_poly	4	163.2578,-7.5050,1.2696	163.5078,-7.5050,1.2696	163.5078,-7.5050,1.5196	163.2578,-7.5050,1.5196	163.2578,-7.4950,1.2696	163.5078,-7.4950,1.2696	163.5078,-7.4950,1.5196	163.2578,-7.4950,1.5196
170	腐食部補修工 第2-007	腐食部補修工						防食防水テープ	格点20-G2	第2工事	第2工事 9 頁	V_K2_P009_1-1		ext_poly	4	168.1030,-6.2625,0.7399	168.1030,-6.5125,0.7399	168.1030,-6.5125,0.9899	168.1030,-6.2625,0.9899	168.1130,-6.2625,0.7399	168.1130,-6.5125,0.7399	168.1130,-6.5125,0.9899	168.1130,-6.2625,0.9899
171	腐食部補修工 第2-008	腐食部補修工						紫外線硬化型FRPシート	格点21-G2	第2工事	第2工事 11 頁	V_K2_P011_5-5		ext_poly	4	176.4992,-7.5050,1.8978	176.7492,-7.5050,1.8978	176.7492,-7.5050,2.1478	176.4992,-7.5050,2.1478	176.4992,-7.4950,1.8978	176.7492,-7.4950,1.8978	176.7492,-7.4950,2.1478	176.4992,-7.4950,2.1478
172	腐食部補修工 第2-009	腐食部補修工						防食防水テープ	格点21-G1	第2工事	第2工事 10 頁	V_K2_P010_1-1		ext_poly	4	176.7030,5.9163,1.9004	176.7030,5.6663,1.9004	176.7030,5.6663,2.1504	176.7030,5.9163,2.1504	176.7130,5.9163,1.9004	176.7130,5.6663,1.9004	176.7130,5.6663,2.1504	176.7130,5.9163,2.1504
173	腐食部補修工 第2-010	腐食部補修工						紫外線硬化型FRPシート	格点21-G2	第2工事	第2工事 11 頁	V_K2_P011_1-1		ext_poly	4	176.7030,-6.2618,1.9537	176.7030,-6.5118,1.9537	176.7030,-6.5118,2.2037	176.7030,-6.2618,2.2037	176.7130,-6.2618,1.9537	176.7130,-6.5118,1.9537	176.7130,-6.5118,2.2037	176.7130,-6.2618,2.2037
174	腐食部補修工 第2-011	腐食部補修工						防食防水テープ	格点21-G2	第2工事	第2工事 11 頁	V_K2_P011_1-1		ext_poly	4	176.7030,-5.7969,1.9740	176.7030,-6.0469,1.9740	176.7030,-6.0469,2.2240	176.7030,-5.7969,2.2240	176.7130,-5.7969,1.9740	176.7130,-6.0469,1.9740	176.7130,-6.0469,2.2240	176.7130,-5.7969,2.2240
175	腐食部補修工 第2-012	腐食部補修工						防食防水テープ	格点21-G2	第2工事	第2工事 11 頁	V_K2_P011_1-1		ext_poly	4	176.7030,-5.5302,0.7040	176.7030,-5.7802,0.7040	176.7030,-5.7802,0.9540	176.7030,-5.5302,0.9540	176.7130,-5.5302,0.7040	176.7130,-5.7802,0.7040	176.7130,-5.7802,0.9540	176.7130,-5.5302,0.9540
176	腐食部補修工 第2-013	腐食部補修工						防食防水テープ	格点21-G2	第2工事	第2工事 11 頁	V_K2_P011_3-3		ext_poly	4	177.0019,-6.3234,0.8231	177.0019,-6.5734,0.8231	176.7519,-6.5734,0.8231	176.7519,-6.3234,0.8231	177.0019,-6.3234,0.8331	177.0019,-6.5734,0.8331	176.7519,-6.5734,0.8331	176.7519,-6.3234,0.8331
177	腐食部補修工 第2-014	腐食部補修工						紫外線硬化型FRPシート	格点22-G1	第2工事	第2工事 12 頁	V_K2_P012_1-1		ext_poly	4	185.3030,6.8516,2.1204	185.3030,6.6016,2.1204	185.3030,6.6016,2.3704	185.3030,6.8516,2.3704	185.3130,6.8516,2.1204	185.3130,6.6016,2.1204	185.3130,6.6016,2.3704	185.3130,6.8516,2.3704
178	腐食部補修工 第2-015	腐食部補修工						防食防水テープ	格点22-G2	第2工事	第2工事 13 頁	V_K2_P013_1-1		ext_poly	4	185.3030,-6.3044,0.7056	185.3030,-6.5544,0.7056	185.3030,-6.5544,0.9556	185.3030,-6.3044,0.9556	185.3130,-6.3044,0.7056	185.3130,-6.5544,0.7056	185.3130,-6.5544,0.9556	185.3130,-6.3044,0.9556
179	腐食部補修工 第2-016	腐食部補修工						防食防水テープ	格点23-G1	第2工事	第2工事 16 頁	V_K2_P016_1-1		ext_poly	4	201.4630,6.8287,1.8132	201.4630,6.5787,1.8132	201.4630,6.5787,2.0632	201.4630,6.8287,2.0632	201.4730,6.8287,1.8132	201.4730,6.5787,1.8132	201.4730,6.5787,2.0632	201.4730,6.8287,2.0632
180	腐食部補修工 第2-017	腐食部補修工						防食防水テープ	格点24-G2	第2工事	第2工事 19 頁	V_K2_P019_1-1		ext_poly	4	209.0230,-5.5429,0.5695	209.0230,-5.7929,0.5695	209.0230,-5.7929,0.8195	209.0230,-5.5429,0.8195	209.0330,-5.5429,0.5695	209.0330,-5.7929,0.5695	209.0330,-5.7929,0.8195	209.0330,-5.5429,0.8195
181	腐食部補修工 第2-018	腐食部補修工						防食防水テープ	格点24-G2	第2工事	第2工事 19 頁	V_K2_P019_3-3		ext_poly	4	209.2584,-6.3742,0.6962	209.2584,-6.6242,0.6962	209.0084,-6.6242,0.6962	209.0084,-6.3742,0.6962	209.2584,-6.3742,0.7062	209.2584,-6.6242,0.7062	209.0084,-6.6242,0.7062	209.0084,-6.3742,0.7062
182	腐食部補修工 第2-019	腐食部補修工						紫外線硬化型FRPシート	格点25-G1	第2工事	第2工事 20 頁	V_K2_P020_2-2		ext_poly	4	215.7455,7.3672,1.8710	215.7455,7.1172,1.8710	215.9955,7.1172,1.8710	215.9955,7.3672,1.8710	215.7455,7.3672,1.8610	215.7455,7.1172,1.8610	215.9955,7.1172,1.8610	215.9955,7.3672,1.8610
183	腐食部補修工 第2-020	腐食部補修工						紫外線硬化型FRPシート	格点25-G1	第2工事	第2工事 20 頁	V_K2_P020_5-5		ext_poly	4	215.7810,7.4950,1.1490	216.0310,7.4950,1.1490	216.0310,7.4950,1.3990	215.7810,7.4950,1.3990	215.7810,7.5050,1.1490	216.0310,7.5050,1.1490	216.0310,7.5050,1.3990	215.7810,7.5050,1.3990
184	腐食部補修工 第2-021	腐食部補修工						防食防水テープ	格点25-G1	第2工事	第2工事 20 頁	V_K2_P020_1-1		ext_poly	4	216.5830,6.8287,1.7383	216.5830,6.5787,1.7383	216.5830,6.5787,1.9883	216.5830,6.8287,1.9883	216.5930,6.8287,1.7383	216.5930,6.5787,1.7383	216.5930,6.5787,1.9883	216.5930,6.8287,1.9883
185	腐食部補修工 第2-022	腐食部補修工						紫外線硬化型FRPシート	格点25-G2	第2工事	第2工事 21 頁	V_K2_P021_1-1		ext_poly	4	216.5830,-6.5546,1.9136	216.5830,-6.8046,1.9136	216.5830,-6.8046,2.1636	216.5830,-6.5546,2.1636	216.5930,-6.5546,1.9136	216.5930,-6.8046,1.9136	216.5930,-6.8046,2.1636	216.5930,-6.5546,2.1636
186	腐食部補修工 第2-023	腐食部補修工						紫外線硬化型FRPシート	格点26-G2	第2工事	第2工事 22 頁	V_K2_P022_5-5		ext_poly	4	223.9735,-7.5050,1.6217	224.2235,-7.5050,1.6217	224.2235,-7.5050,1.8717	223.9735,-7.5050,1.8717	223.9735,-7.4950,1.6217	224.2235,-7.4950,1.6217	224.2235,-7.4950,1.8717	223.9735,-7.4950,1.8717
187	腐食部補修工 第2-024	腐食部補修工						紫外線硬化型FRPシート	格点26-G2	第2工事	第2工事 22 頁	V_K2_P022_5-5		ext_poly	4	224.1995,-7.5050,1.2001	224.4495,-7.5050,1.2001	224.4495,-7.5050,1.4501	224.1995,-7.5050,1.4501	224.1995,-7.4950,1.2001	224.4495,-7.4950,1.2001	224.4495,-7.4950,1.4501	224.1995,-7.4950,1.4501
188	腐食部補修工 第2-025	腐食部補修工						防食防水テープ	格点27-G1	第2工事	第2工事 23 頁	V_K2_P023_1-1		ext_poly	4	231.7030,6.8287,1.6364	231.7030,6.5787,1.6364	231.7030,6.5787,1.8864	231.7030,6.8287,1.8864	231.7130,6.8287,1.6364	231.7130,6.5787,1.6364	231.7130,6.5787,1.8864	231.7130,6.8287,1.8864
189	腐食部補修工 第2-026	腐食部補修工						紫外線硬化型FRPシート	格点27-G2	第2工事	第2工事 24 頁	V_K2_P024_1-1		ext_poly	4	231.7030,-6.6028,1.8574	231.7030,-6.8528,1.8574	231.7030,-6.8528,2.1074	231.7030,-6.6028,2.1074	231.7130,-6.6028,1.8574	231.7130,-6.8528,1.8574	231.7130,-6.8528,2.1074	231.7130,-6.6028,2.1074
190	腐食部補修工 第2-027	腐食部補修工						防食防水テープ	格点27-G2	第2工事	第2工事 24 頁	V_K2_P024_1-1		ext_poly	4	231.7030,-6.6028,1.6364	231.7030,-6.8528,1.6364	231.7030,-6.8528,1.8864	231.7030,-6.6028,1.8864	231.7130,-6.6028,1.6364	231.7130,-6.8528,1.6364	231.7130,-6.8528,1.8864	231.7130,-6.6028,1.8864
191	腐食部補修工 第2-028	腐食部補修工						紫外線硬化型FRPシート	格点28-G2	第2工事	第2工事 25 頁	V_K2_P025_4-4		ext_poly	4	239.2484,-7.5050,1.5552	239.4984,-7.5050,1.5552	239.4984,-7.5050,1.8052	239.2484,-7.5050,1.8052	239.2484,-7.4950,1.5552	239.4984,-7.4950,1.5552	239.4984,-7.4950,1.8052	239.2484,-7.4950,1.8052
192	腐食部補修工 第2-029	腐食部補修工						紫外線硬化型FRPシート	格点28-G2	第2工事	第2工事 25 頁	V_K2_P025_1-1		ext_poly	4	239.2630,-5.8249,1.7711	239.2630,-6.0749,1.7711	239.2630,-6.0749,2.0211	239.2630,-5.8249,2.0211	239.2730,-5.8249,1.7711	239.2730,-6.0749,1.7711	239.2730,-6.0749,2.0211	239.2730,-5.8249,2.0211
193	腐食部補修工 第2-030	腐食部補修工						紫外線硬化型FRPシート	格点28-G2	第2工事	第2工事 25 頁	V_K2_P025_1-1		ext_poly	4	239.2630,-6.2643,1.6212	239.2630,-6.5143,1.6212	239.2630,-6.5143,1.8712	239.2630,-6.2643,1.8712	239.2730,-6.2643,1.6212	239.2730,-6.5143,1.6212	239.2730,-6.5143,1.8712	239.2730,-6.2643,1.8712
194	腐食部補修工 第2-031	腐食部補修工						防食防水テープ	格点28-G2	第2工事	第2工事 25 頁	V_K2_P025_1-1		ext_poly	4	239.2630,-5.9214,1.5501	239.2630,-6.1714,1.5501	239.2630,-6.1714,1.8001	239.2630,-5.9214,1.8001	239.2730,-5.9214,1.5501	239.2730,-6.1714,1.5501	239.2730,-6.1714,1.8001	239.2730,-5.9214,1.8001
195	腐食部補修工 第2-032	腐食部補修工						防食防水テープ	格点28-G2	第2工事	第2工事 25 頁	V_K2_P025_1-1		ext_poly	4	239.2630,-5.5277,0.3690	239.2630,-5.7777,0.3690	239.2630,-5.7777,0.6190	239.2630,-5.5277,0.6190	239.2730,-5.5277,0.3690	239.2730,-5.7777,0.3690	239.2730,-5.7777,0.6190	239.2730,-5.5277,0.6190
196	腐食部補修工 第2-033	腐食部補修工						防食防水テープ	格点28-G2	第2工事	第2工事 25 頁	V_K2_P025_3-3		ext_poly	4	239.4984,-6.3057,0.4855	239.4984,-6.5557,0.4855	239.2484,-6.5557,0.4855	239.2484,-6.3057,0.4855	239.4984,-6.3057,0.4955	239.4984,-6.5557,0.4955	239.2484,-6.5557,0.4955	239.2484,-6.3057,0.4955
197	腐食部補修工 第2-034	腐食部補修工						紫外線硬化型FRPシート	格点29-G2	第2工事	第2工事 27 頁	V_K2_P027_5-5		ext_poly	4	246.3461,-7.5050,0.5549	246.5961,-7.5050,0.5549	246.5961,-7.5050,0.8049	246.3461,-7.5050,0.8049	246.3461,-7.4950,0.5549	246.5961,-7.4950,0.5549	246.5961,-7.4950,0.8049	246.3461,-7.4950,0.8049
198	腐食部補修工 第2-035	腐食部補修工						防食防水テープ	格点29-G1	第2工事	第2工事 26 頁	V_K2_P026_1-1		ext_poly	4	246.8230,6.8287,1.4972	246.8230,6.5787,1.4972	246.8230,6.5787,1.7472	246.8230,6.8287,1.7472	246.8330,6.8287,1.4972	246.8330,6.5787,1.4972	246.8330,6.5787,1.7472	246.8330,6.8287,1.7472
199	腐食部補修工 第2-036	腐食部補修工						紫外線硬化型FRPシート	格点29-G2	第2工事	第2工事 27 頁	V_K2_P027_1-1		ext_poly	4	246.8230,-6.6460,1.6496	246.8230,-6.8960,1.6496	246.8230,-6.8960,1.8996	246.8230,-6.6460,1.8996	246.8330,-6.6460,1.6496	246.8330,-6.8960,1.6496	246.8330,-6.8960,1.8996	246.8330,-6.6460,1.8996
200	腐食部補修工 第2-037	腐食部補修工						紫外線硬化型FRPシート	格点29-G2	第2工事	第2工事 27 頁	V_K2_P027_1-1		ext_poly	4	246.8230,-6.9254,0.7149	246.8230,-7.1754,0.7149	246.8230,-7.1754,0.9649	246.8230,-6.9254,0.9649	246.8330,-6.9254,0.7149	246.8330,-7.1754,0.7149	246.8330,-7.1754,0.9649	246.8330,-6.9254,0.9649
201	腐食部補修工 第2-038	腐食部補修工						紫外線硬化型FRPシート	格点30-G2	第2工事	第2工事 29 頁	V_K2_P029_5-5		ext_poly	4	253.9061,-7.5050,0.4841	254.1561,-7.5050,0.4841	254.1561,-7.5050,0.7341	253.9061,-7.5050,0.7341	253.9061,-7.4950,0.4841	254.1561,-7.4950,0.4841	254.1561,-7.4950,0.7341	253.9061,-7.4950,0.7341
202	腐食部補修工 第2-039	腐食部補修工						紫外線硬化型FRPシート	格点30-G2	第2工事	第2工事 29 頁	V_K2_P029_1-1		ext_poly	4	254.3830,-6.1424,0.6441	254.3830,-6.3924,0.6441	254.3830,-6.3924,0.8941	254.3830,-6.1424,0.8941	254.3930,-6.1424,0.6441	254.3930,-6.3924,0.6441	254.3930,-6.3924,0.8941	254.3930,-6.1424,0.8941
203	腐食部補修工 第2-040	腐食部補修工						紫外線硬化型FRPシート	格点30-G2	第2工事	第2工事 29 頁	V_K2_P029_1-1		ext_poly	4	254.3830,-5.9722,1.5890	254.3830,-6.2222,1.5890	254.3830,-6.2222,1.8390	254.3830,-5.9722,1.8390	254.3930,-5.9722,1.5890	254.3930,-6.2222,1.5890	254.3930,-6.2222,1.8390	254.3930,-5.9722,1.8390
204	腐食部補修工 第2-041	腐食部補修工						防食防水テープ	格点30-G2	第2工事	第2工事 29 頁	V_K2_P029_1-1		ext_poly	4	254.3830,-5.7817,1.4188	254.3830,-6.0317,1.4188	254.3830,-6.0317,1.6688	254.3830,-5.7817,1.6688	254.3930,-5.7817,1.4188	254.3930,-6.0317,1.4188	254.3930,-6.0317,1.6688	254.3930,-5.7817,1.6688
205	腐食部補修工 第2-042	腐食部補修工						紫外線硬化型FRPシート	格点31-G2	第2工事	第2工事 30 頁	V_K2_P030_5-5		ext_poly	4	261.7212,-7.5050,0.1719	261.9712,-7.5050,0.1719	261.9712,-7.5050,0.4219	261.7212,-7.5050,0.4219	261.7212,-7.4950,0.1719	261.9712,-7.4950,0.1719	261.9712,-7.4950,0.4219	261.7212,-7.4950,0.4219
206	腐食部補修工 第2-043	腐食部補修工						紫外線硬化型FRPシート	格点31-G2	第2工事	第2工事 30 頁	V_K2_P030_1-1		ext_poly	4	261.9390,-6.6168,1.5664	261.9390,-6.8668,1.5664	261.9390,-6.8668,1.8164	261.9390,-6.6168,1.8164	261.9490,-6.6168,1.5664	261.9490,-6.8668,1.5664	261.9490,-6.8668,1.8164	261.9490,-6.6168,1.8164
207	腐食部補修工 第2-044	腐食部補修工						紫外線硬化型FRPシート	格点31-G2	第2工事	第2工事 30 頁	V_K2_P030_1-1		ext_poly	4	261.9390,-7.0511,0.4411	261.9390,-7.3011,0.4411	261.9390,-7.3011,0.6911	261.9390,-7.0511,0.6911	261.9490,-7.0511,0.4411	261.9490,-7.3011,0.4411	261.9490,-7.3011,0.6911	261.9490,-7.0511,0.6911
208	腐食部補修工 第2-045	腐食部補修工						防食防水テープ	格点31-G2	第2工事	第2工事 30 頁	V_K2_P030_1-1		ext_poly	4	261.9390,-6.6447,1.3479	261.9390,-6.8947,1.3479	261.9390,-6.8947,1.5979	261.9390,-6.6447,1.5979	261.9490,-6.6447,1.3479	261.9490,-6.8947,1.3479	261.9490,-6.8947,1.5979	261.9490,-6.6447,1.5979
209	腐食部補修工 第2-046	腐食部補修工						防食防水テープ	格点31-G2	第2工事	第2工事 30 頁	V_K2_P030_3-3		ext_poly	4	262.1681,-6.3120,0.2732	262.1681,-6.5620,0.2732	261.9181,-6.5620,0.2732	261.9181,-6.3120,0.2732	262.1681,-6.3120,0.2832	262.1681,-6.5620,0.2832	261.9181,-6.5620,0.2832	261.9181,-6.3120,0.2832
210	腐食部補修工 第2-047	腐食部補修工						紫外線硬化型FRPシート	格点32-G2	第2工事	第2工事 32 頁	V_K2_P032_5-5		ext_poly	4	269.4370,-7.5050,0.1011	269.6870,-7.5050,0.1011	269.6870,-7.5050,0.3511	269.4370,-7.5050,0.3511	269.4370,-7.4950,0.1011	269.6870,-7.4950,0.1011	269.6870,-7.4950,0.3511	269.4370,-7.4950,0.3511
211	腐食部補修工 第2-048	腐食部補修工						紫外線硬化型FRPシート	格点32-G2	第2工事	第2工事 32 頁	V_K2_P032_5-5		ext_poly	4	269.4904,-7.5050,0.7157	269.7404,-7.5050,0.7157	269.7404,-7.5050,0.9657	269.4904,-7.5050,0.9657	269.4904,-7.4950,0.7157	269.7404,-7.4950,0.7157	269.7404,-7.4950,0.9657	269.4904,-7.4950,0.9657
212	腐食部補修工 第2-049	腐食部補修工						紫外線硬化型FRPシート	格点32-G2	第2工事	第2工事 32 頁	V_K2_P032_1-1		ext_poly	4	269.4910,-6.2694,0.1315	269.4910,-6.5194,0.1315	269.4910,-6.5194,0.3815	269.4910,-6.2694,0.3815	269.5010,-6.2694,0.1315	269.5010,-6.5194,0.1315	269.5010,-6.5194,0.3815	269.5010,-6.2694,0.3815
213	腐食部補修工 第2-050	腐食部補修工						紫外線硬化型FRPシート	格点32-G2	第2工事	第2工事 32 頁	V_K2_P032_1-1		ext_poly	4	269.4910,-6.7469,0.8732	269.4910,-6.9969,0.8732	269.4910,-6.9969,1.1232	269.4910,-6.7469,1.1232	269.5010,-6.7469,0.8732	269.5010,-6.9969,0.8732	269.5010,-6.9969,1.1232	269.5010,-6.7469,1.1232
214	腐食部補修工 第2-051	腐食部補修工						防食防水テープ	格点32-G2	第2工事	第2工事 32 頁	V_K2_P032_1-1		ext_poly	4	269.4910,-5.8046,1.2974	269.4910,-6.0546,1.2974	269.4910,-6.0546,1.5474	269.4910,-5.8046,1.5474	269.5010,-5.8046,1.2974	269.5010,-6.0546,1.2974	269.5010,-6.0546,1.5474	269.5010,-5.8046,1.5474
215	腐食部補修工 第2-052	腐食部補修工						防食防水テープ	格点32-G2	第2工事	第2工事 32 頁	V_K2_P032_1-1		ext_poly	4	269.4910,-5.6750,0.0960	269.4910,-5.9250,0.0960	269.4910,-5.9250,0.3460	269.4910,-5.6750,0.3460	269.5010,-5.6750,0.0960	269.5010,-5.9250,0.0960	269.5010,-5.9250,0.3460	269.5010,-5.6750,0.3460
216	腐食部補修工 第2-053	腐食部補修工						防食防水テープ	格点32-G2	第2工事	第2工事 32 頁	V_K2_P032_3-3		ext_poly	4	269.7251,-6.3844,0.2024	269.7251,-6.6344,0.2024	269.4751,-6.6344,0.2024	269.4751,-6.3844,0.2024	269.7251,-6.3844,0.2124	269.7251,-6.6344,0.2124	269.4751,-6.6344,0.2124	269.4751,-6.3844,0.2124
217	腐食部補修工 第2-054	腐食部補修工						紫外線硬化型FRPシート	格点33-G1	第2工事	第2工事 33 頁	V_K2_P033_1-1		ext_poly	4	277.0380,6.8033,1.2699	277.0380,6.5533,1.2699	277.0380,6.5533,1.5199	277.0380,6.8033,1.5199	277.0480,6.8033,1.2699	277.0480,6.5533,1.2699	277.0480,6.5533,1.5199	277.0480,6.8033,1.5199
218	腐食部補修工 第2-055	腐食部補修工						防食防水テープ	格点33-G1	第2工事	第2工事 33 頁	V_K2_P033_1-1		ext_poly	4	277.0380,6.8033,1.2013	277.0380,6.5533,1.2013	277.0380,6.5533,1.4513	277.0380,6.8033,1.4513	277.0480,6.8033,1.2013	277.0480,6.5533,1.2013	277.0480,6.5533,1.4513	277.0480,6.8033,1.4513
219	腐食部補修工 第2-056	腐食部補修工						紫外線硬化型FRPシート	格点33-G2	第2工事	第2工事 34 頁	V_K2_P034_1-1		ext_poly	4	277.0380,-6.6524,1.4274	277.0380,-6.9024,1.4274	277.0380,-6.9024,1.6774	277.0380,-6.6524,1.6774	277.0480,-6.6524,1.4274	277.0480,-6.9024,1.4274	277.0480,-6.9024,1.6774	277.0480,-6.6524,1.6774
220	腐食部補修工 第2-057	腐食部補修工						紫外線硬化型FRPシート	格点33-G2	第2工事	第2工事 34 頁	V_K2_P034_1-1		ext_poly	4	277.0380,-6.6041,1.8998	277.0380,-6.8541,1.8998	277.0380,-6.8541,2.1498	277.0380,-6.6041,2.1498	277.0480,-6.6041,1.8998	277.0480,-6.8541,1.8998	277.0480,-6.8541,2.1498	277.0480,-6.6041,2.1498
221	腐食部補修工 第2-058	腐食部補修工						防食防水テープ	格点33-G2	第2工事	第2工事 34 頁	V_K2_P034_1-1		ext_poly	4	277.0380,-6.5965,1.2064	277.0380,-6.8465,1.2064	277.0380,-6.8465,1.4564	277.0380,-6.5965,1.4564	277.0480,-6.5965,1.2064	277.0480,-6.8465,1.2064	277.0480,-6.8465,1.4564	277.0480,-6.5965,1.4564
222	腐食部補修工 第2-059	腐食部補修工						防食防水テープ	格点33-G2	第2工事	第2工事 34 頁	V_K2_P034_1-1		ext_poly	4	277.0380,-6.4365,0.0101	277.0380,-6.6865,0.0101	277.0380,-6.6865,0.2601	277.0380,-6.4365,0.2601	277.0480,-6.4365,0.0101	277.0480,-6.6865,0.0101	277.0480,-6.6865,0.2601	277.0480,-6.4365,0.2601
223	腐食部補修工 第2-060	腐食部補修工						紫外線硬化型FRPシート	格点33-G2	第2工事	第2工事 34 頁	V_K2_P034_5-5		ext_poly	4	277.0412,-7.5050,0.0329	277.2912,-7.5050,0.0329	277.2912,-7.5050,0.2829	277.0412,-7.5050,0.2829	277.0412,-7.4950,0.0329	277.2912,-7.4950,0.0329	277.2912,-7.4950,0.2829	277.0412,-7.4950,0.2829
224	腐食部補修工 第2-061	腐食部補修工						紫外線硬化型FRPシート	格点33-G2	第2工事	第2工事 34 頁	V_K2_P034_5-5		ext_poly	4	281.1611,-7.5050,1.7297	281.4111,-7.5050,1.7297	281.4111,-7.5050,1.9797	281.1611,-7.5050,1.9797	281.1611,-7.4950,1.7297	281.4111,-7.4950,1.7297	281.4111,-7.4950,1.9797	281.1611,-7.4950,1.9797
225	腐食部補修工 第2-062	腐食部補修工						紫外線硬化型FRPシート	A2-G2	第2工事	第2工事 36 頁	V_K2_P036_4-4		ext_poly	4	283.2937,-7.5050,0.6216	283.5437,-7.5050,0.6216	283.5437,-7.5050,0.8716	283.2937,-7.5050,0.8716	283.2937,-7.4950,0.6216	283.5437,-7.4950,0.6216	283.5437,-7.4950,0.8716	283.2937,-7.4950,0.8716
226	腐食部補修工 第2-063	腐食部補修工						紫外線硬化型FRPシート	A2-G1	第2工事	第2工事 35 頁	V_K2_P035_4-4		ext_poly	4	283.2950,7.4950,0.6216	283.5450,7.4950,0.6216	283.5450,7.4950,0.8716	283.2950,7.4950,0.8716	283.2950,7.5050,0.6216	283.5450,7.5050,0.6216	283.5450,7.5050,0.8716	283.2950,7.5050,0.8716
227	腐食部補修工 第2-064	腐食部補修工						紫外線硬化型FRPシート	A2-G1	第2工事	第2工事 35 頁	V_K2_P035_1-1		ext_poly	4	284.5770,7.6720,0.5337	284.5770,7.4220,0.5337	284.5770,7.4220,0.7837	284.5770,7.6720,0.7837	284.5870,7.6720,0.5337	284.5870,7.4220,0.5337	284.5870,7.4220,0.7837	284.5870,7.6720,0.7837
228	腐食部補修工 第2-065	腐食部補修工						紫外線硬化型FRPシート	A2-G1	第2工事	第2工事 35 頁	V_K2_P035_1-1		ext_poly	4	284.5770,7.2910,1.2043	284.5770,7.0410,1.2043	284.5770,7.0410,1.4543	284.5770,7.2910,1.4543	284.5870,7.2910,1.2043	284.5870,7.0410,1.2043	284.5870,7.0410,1.4543	284.5870,7.2910,1.4543
229	腐食部補修工 第2-066	腐食部補修工						紫外線硬化型FRPシート	A2-G2	第2工事	第2工事 36 頁	V_K2_P036_1-1		ext_poly	4	284.5770,-7.2074,0.7522	284.5770,-7.4574,0.7522	284.5770,-7.4574,1.0022	284.5770,-7.2074,1.0022	284.5870,-7.2074,0.7522	284.5870,-7.4574,0.7522	284.5870,-7.4574,1.0022	284.5870,-7.2074,1.0022
230	腐食部補修工 第2-067	腐食部補修工						紫外線硬化型FRPシート	A2-G2	第2工事	第2工事 36 頁	V_K2_P036_1-1		ext_poly	4	284.5770,-6.5978,1.7834	284.5770,-6.8478,1.7834	284.5770,-6.8478,2.0334	284.5770,-6.5978,2.0334	284.5870,-6.5978,1.7834	284.5870,-6.8478,1.7834	284.5870,-6.8478,2.0334	284.5870,-6.5978,2.0334
231	鋼桁補強工 第2-001	鋼桁補強工						高力ボルト取替	格点19-G2	第2工事	第2工事 7 頁	V_K2_P007_3-3		ext_poly	4	159.6228,-6.4010,0.8204	159.6228,-6.5010,0.8204	159.5228,-6.5010,0.8204	159.5228,-6.4010,0.8204	159.6228,-6.4010,0.9204	159.6228,-6.5010,0.9204	159.5228,-6.5010,0.9204	159.5228,-6.4010,0.9204
232	鋼桁補強工 第2-002	鋼桁補強工						高力ボルト取替	格点22-G2	第2工事	第2工事 13 頁	V_K2_P013_3-3		ext_poly	4	185.4228,-6.4023,0.7772	185.4228,-6.5023,0.7772	185.3228,-6.5023,0.7772	185.3228,-6.4023,0.7772	185.4228,-6.4023,0.8772	185.4228,-6.5023,0.8772	185.3228,-6.5023,0.8772	185.3228,-6.4023,0.8772
233	鋼桁補強工 第2-003	鋼桁補強工						高力ボルト取替	P2-G1	第2工事	第2工事 14 頁	V_K2_P014_2-2		ext_poly	4	193.6485,6.7245,2.0408	193.6485,6.6245,2.0408	193.7485,6.6245,2.0408	193.7485,6.7245,2.0408	193.6485,6.7245,1.9408	193.6485,6.6245,1.9408	193.7485,6.6245,1.9408	193.7485,6.7245,1.9408
234	鋼桁補強工 第2-004	鋼桁補強工						高力ボルト取替	P2-G2	第2工事	第2工事 15 頁	V_K2_P015_2-2		ext_poly	4	193.6485,-6.6181,2.0408	193.6485,-6.7181,2.0408	193.7485,-6.7181,2.0408	193.7485,-6.6181,2.0408	193.6485,-6.6181,1.9408	193.6485,-6.7181,1.9408	193.7485,-6.7181,1.9408	193.7485,-6.6181,1.9408
235	鋼桁補強工 第2-005	鋼桁補強工						高力ボルト取替	P2-G2	第2工事	第2工事 15 頁	V_K2_P015_1-1		ext_poly	4	193.8580,-6.3997,0.7885	193.8580,-6.4997,0.7885	193.8580,-6.4997,0.8885	193.8580,-6.3997,0.8885	193.9580,-6.3997,0.7885	193.9580,-6.4997,0.7885	193.9580,-6.4997,0.8885	193.9580,-6.3997,0.8885
236	鋼桁補強工 第2-006	鋼桁補強工						高力ボルト取替	P2-G1	第2工事	第2工事 14 頁	V_K2_P014_2-2		ext_poly	4	194.0472,6.8413,2.0408	194.0472,6.7413,2.0408	194.1472,6.7413,2.0408	194.1472,6.8413,2.0408	194.0472,6.8413,1.9408	194.0472,6.7413,1.9408	194.1472,6.7413,1.9408	194.1472,6.8413,1.9408
237	鋼桁補強工 第2-007	鋼桁補強工						高力ボルト取替	P2-G2	第2工事	第2工事 15 頁	V_K2_P015_2-2		ext_poly	4	194.0523,-6.5851,2.0408	194.0523,-6.6851,2.0408	194.1523,-6.6851,2.0408	194.1523,-6.5851,2.0408	194.0523,-6.5851,1.9408	194.0523,-6.6851,1.9408	194.1523,-6.6851,1.9408	194.1523,-6.5851,1.9408
238	鋼桁補強工 第2-008	鋼桁補強工						高力ボルト取替	格点24-G2	第2工事	第2工事 19 頁	V_K2_P019_2-2		ext_poly	4	208.8319,-6.5737,1.9562	208.8319,-6.6737,1.9562	208.9319,-6.6737,1.9562	208.9319,-6.5737,1.9562	208.8319,-6.5737,1.8562	208.8319,-6.6737,1.8562	208.9319,-6.6737,1.8562	208.9319,-6.5737,1.8562
239	鋼桁補強工 第2-009	鋼桁補強工						高力ボルト取替	格点28-G2	第2工事	第2工事 25 頁	V_K2_P025_4-4		ext_poly	4	239.1507,-7.5500,1.6378	239.2507,-7.5500,1.6378	239.2507,-7.5500,1.7378	239.1507,-7.5500,1.7378	239.1507,-7.4500,1.6378	239.2507,-7.4500,1.6378	239.2507,-7.4500,1.7378	239.1507,-7.4500,1.7378
240	鋼桁補強工 第2-010	鋼桁補強工						高力ボルト取替	格点28-G2	第2工事	第2工事 25 頁	V_K2_P025_1-1		ext_poly	4	239.2180,-6.3952,1.6505	239.2180,-6.4952,1.6505	239.2180,-6.4952,1.7505	239.2180,-6.3952,1.7505	239.3180,-6.3952,1.6505	239.3180,-6.4952,1.6505	239.3180,-6.4952,1.7505	239.3180,-6.3952,1.7505
241	鋼桁補強工 第2-011	鋼桁補強工						高力ボルト取替	格点28-G2	第2工事	第2工事 25 頁	V_K2_P025_1-1		ext_poly	4	239.2180,-5.7246,0.4923	239.2180,-5.8246,0.4923	239.2180,-5.8246,0.5923	239.2180,-5.7246,0.5923	239.3180,-5.7246,0.4923	239.3180,-5.8246,0.4923	239.3180,-5.8246,0.5923	239.3180,-5.7246,0.5923
242	鋼桁補強工 第2-012	鋼桁補強工						高力ボルト取替	格点28-G2	第2工事	第2工事 25 頁	V_K2_P025_3-3		ext_poly	4	239.3904,-6.3273,0.4405	239.3904,-6.4273,0.4405	239.2904,-6.4273,0.4405	239.2904,-6.3273,0.4405	239.3904,-6.3273,0.5405	239.3904,-6.4273,0.5405	239.2904,-6.4273,0.5405	239.2904,-6.3273,0.5405
243	鋼桁補強工 第2-013	鋼桁補強工						高力ボルト取替	格点30-G2	第2工事	第2工事 29 頁	V_K2_P029_1-1		ext_poly	4	254.3380,-5.6281,0.3610	254.3380,-5.7281,0.3610	254.3380,-5.7281,0.4610	254.3380,-5.6281,0.4610	254.4380,-5.6281,0.3610	254.4380,-5.7281,0.3610	254.4380,-5.7281,0.4610	254.4380,-5.6281,0.4610
244	鋼桁補強工 第2-014	鋼桁補強工						高力ボルト取替	格点30-G1	第2工事	第2工事 28 頁	V_K2_P028_5-5		ext_poly	4	254.4104,7.4500,1.3897	254.5104,7.4500,1.3897	254.5104,7.4500,1.4897	254.4104,7.4500,1.4897	254.4104,7.5500,1.3897	254.5104,7.5500,1.3897	254.5104,7.5500,1.4897	254.4104,7.5500,1.4897
245	鋼桁補強工 第2-015	鋼桁補強工						高力ボルト取替	格点30-G2	第2工事	第2工事 29 頁	V_K2_P029_3-3		ext_poly	4	254.5066,-6.3997,0.2991	254.5066,-6.4997,0.2991	254.4066,-6.4997,0.2991	254.4066,-6.3997,0.2991	254.5066,-6.3997,0.3991	254.5066,-6.4997,0.3991	254.4066,-6.4997,0.3991	254.4066,-6.3997,0.3991
246	鋼桁補強工 第2-016	鋼桁補強工						高力ボルト取替	格点32-G2	第2工事	第2工事 32 頁	V_K2_P032_1-1		ext_poly	4	269.4460,-5.6281,0.2218	269.4460,-5.7281,0.2218	269.4460,-5.7281,0.3218	269.4460,-5.6281,0.3218	269.5460,-5.6281,0.2218	269.5460,-5.7281,0.2218	269.5460,-5.7281,0.3218	269.5460,-5.6281,0.3218
247	鋼桁補強工 第2-017	鋼桁補強工						高力ボルト取替	格点32-G2	第2工事	第2工事 32 頁	V_K2_P032_3-3		ext_poly	4	269.6146,-6.3984,0.1574	269.6146,-6.4984,0.1574	269.5146,-6.4984,0.1574	269.5146,-6.3984,0.1574	269.6146,-6.3984,0.2574	269.6146,-6.4984,0.2574	269.5146,-6.4984,0.2574	269.5146,-6.3984,0.2574
248	鋼桁補強工 第2-018	鋼桁補強工						高力ボルト取替	格点33-G2	第2工事	第2工事 34 頁	V_K2_P034_3-3		ext_poly	4	277.1603,-6.3997,0.0867	277.1603,-6.4997,0.0867	277.0603,-6.4997,0.0867	277.0603,-6.3997,0.0867	277.1603,-6.3997,0.1867	277.1603,-6.4997,0.1867	277.0603,-6.4997,0.1867	277.0603,-6.3997,0.1867
249	鋼桁補強工 第2-019	鋼桁補強工						高力ボルト取替	A2-G2	第2工事	第2工事 36 頁	V_K2_P036_3-3		ext_poly	4	284.4428,-6.3807,-0.0028	284.4428,-6.4807,-0.0028	284.3428,-6.4807,-0.0028	284.3428,-6.3807,-0.0028	284.4428,-6.3807,0.0972	284.4428,-6.4807,0.0972	284.3428,-6.4807,0.0972	284.3428,-6.3807,0.0972
250	鋼桁補強工 第2-020	鋼桁補強工						高力ボルト取替	A2-G2	第2工事	第2工事 36 頁	V_K2_P036_1-1		ext_poly	4	284.5320,-6.3959,1.1116	284.5320,-6.4959,1.1116	284.5320,-6.4959,1.2116	284.5320,-6.3959,1.2116	284.6320,-6.3959,1.1116	284.6320,-6.4959,1.1116	284.6320,-6.4959,1.2116	284.6320,-6.3959,1.2116
251	高力ボルト当て板鋼桁補強工 第2-001	高力ボルト当て板鋼桁補強工						補修部材(1)	格点18-G1	第2工事	第2工事 4 頁	V_K2_P004_1-1		ext_poly	4	150.8980,6.1120,0.7620	150.8980,5.8120,0.7620	150.8980,5.8120,1.0620	150.8980,6.1120,1.0620	150.9180,6.1120,0.7620	150.9180,5.8120,0.7620	150.9180,5.8120,1.0620	150.9180,6.1120,1.0620
252	高力ボルト当て板鋼桁補強工 第2-002	高力ボルト当て板鋼桁補強工						補修部材(2)	格点18-G2	第2工事	第2工事 5 頁	V_K2_P005_1-1		ext_poly	4	150.8980,-5.6787,0.7366	150.8980,-5.9787,0.7366	150.8980,-5.9787,1.0366	150.8980,-5.6787,1.0366	150.9180,-5.6787,0.7366	150.9180,-5.9787,0.7366	150.9180,-5.9787,1.0366	150.9180,-5.6787,1.0366
253	高力ボルト当て板鋼桁補強工 第2-003	高力ボルト当て板鋼桁補強工						補修部材(3)	格点18-G2	第2工事	第2工事 5 頁	V_K2_P005_1-1		ext_poly	4	150.8980,-6.9411,0.7569	150.8980,-7.2411,0.7569	150.8980,-7.2411,1.0569	150.8980,-6.9411,1.0569	150.9180,-6.9411,0.7569	150.9180,-7.2411,0.7569	150.9180,-7.2411,1.0569	150.9180,-6.9411,1.0569
254	高力ボルト当て板鋼桁補強工 第2-004	高力ボルト当て板鋼桁補強工						補修部材(4)	格点19-G1	第2工事	第2工事 6 頁	V_K2_P006_1-1		ext_poly	4	159.4980,6.9299,0.7264	159.4980,6.6299,0.7264	159.4980,6.6299,1.0264	159.4980,6.9299,1.0264	159.5180,6.9299,0.7264	159.5180,6.6299,0.7264	159.5180,6.6299,1.0264	159.5180,6.9299,1.0264
255	高力ボルト当て板鋼桁補強工 第2-005	高力ボルト当て板鋼桁補強工						補修部材(5)	格点19-G1	第2工事	第2工事 6 頁	V_K2_P006_1-1		ext_poly	4	159.4980,6.3940,0.7264	159.4980,6.0940,0.7264	159.4980,6.0940,1.0264	159.4980,6.3940,1.0264	159.5180,6.3940,0.7264	159.5180,6.0940,0.7264	159.5180,6.0940,1.0264	159.5180,6.3940,1.0264
256	高力ボルト当て板鋼桁補強工 第2-006	高力ボルト当て板鋼桁補強工						補修部材(6)	格点19-G1	第2工事	第2工事 6 頁	V_K2_P006_1-1		ext_poly	4	159.4980,5.6091,0.8026	159.4980,5.3091,0.8026	159.4980,5.3091,1.1026	159.4980,5.6091,1.1026	159.5180,5.6091,0.8026	159.5180,5.3091,0.8026	159.5180,5.3091,1.1026	159.5180,5.6091,1.1026
257	高力ボルト当て板鋼桁補強工 第2-007	高力ボルト当て板鋼桁補強工						補修部材(7)	格点19-G2	第2工事	第2工事 7 頁	V_K2_P007_1-1		ext_poly	4	159.4980,-5.5923,0.7340	159.4980,-5.8923,0.7340	159.4980,-5.8923,1.0340	159.4980,-5.5923,1.0340	159.5180,-5.5923,0.7340	159.5180,-5.8923,0.7340	159.5180,-5.8923,1.0340	159.5180,-5.5923,1.0340
258	高力ボルト当て板鋼桁補強工 第2-008	高力ボルト当て板鋼桁補強工						補修部材(8)	格点19-G2	第2工事	第2工事 7 頁	V_K2_P007_3-3		ext_poly	4	159.5805,-6.9487,0.8604	159.5805,-7.2487,0.8604	159.2805,-7.2487,0.8604	159.2805,-6.9487,0.8604	159.5805,-6.9487,0.8804	159.5805,-7.2487,0.8804	159.2805,-7.2487,0.8804	159.2805,-6.9487,0.8804
259	高力ボルト当て板鋼桁補強工 第2-009	高力ボルト当て板鋼桁補強工						補修部材(9)	格点19-G2	第2工事	第2工事 7 頁	V_K2_P007_3-3		ext_poly	4	160.1241,-6.7912,0.8604	160.1241,-7.0912,0.8604	159.8241,-7.0912,0.8604	159.8241,-6.7912,0.8604	160.1241,-6.7912,0.8804	160.1241,-7.0912,0.8804	159.8241,-7.0912,0.8804	159.8241,-6.7912,0.8804
260	高力ボルト当て板鋼桁補強工 第2-010	高力ボルト当て板鋼桁補強工						補修部材(10)	格点20-G1	第2工事	第2工事 8 頁	V_K2_P008_1-1		ext_poly	4	168.0980,6.3406,0.7276	168.0980,6.0406,0.7276	168.0980,6.0406,1.0276	168.0980,6.3406,1.0276	168.1180,6.3406,0.7276	168.1180,6.0406,0.7276	168.1180,6.0406,1.0276	168.1180,6.3406,1.0276
261	高力ボルト当て板鋼桁補強工 第2-011	高力ボルト当て板鋼桁補強工						補修部材(11)	格点20-G1	第2工事	第2工事 8 頁	V_K2_P008_1-1		ext_poly	4	168.0980,6.8689,2.6021	168.0980,6.5689,2.6021	168.0980,6.5689,2.9021	168.0980,6.8689,2.9021	168.1180,6.8689,2.6021	168.1180,6.5689,2.6021	168.1180,6.5689,2.9021	168.1180,6.8689,2.9021
262	高力ボルト当て板鋼桁補強工 第2-012	高力ボルト当て板鋼桁補強工						補修部材(12)	格点20-G2	第2工事	第2工事 9 頁	V_K2_P009_1-1		ext_poly	4	168.0980,-5.4171,0.7352	168.0980,-5.7171,0.7352	168.0980,-5.7171,1.0352	168.0980,-5.4171,1.0352	168.1180,-5.4171,0.7352	168.1180,-5.7171,0.7352	168.1180,-5.7171,1.0352	168.1180,-5.4171,1.0352
263	高力ボルト当て板鋼桁補強工 第2-013	高力ボルト当て板鋼桁補強工						補修部材(13)	格点20-G2	第2工事	第2工事 9 頁	V_K2_P009_1-1		ext_poly	4	168.0980,-6.9411,0.7479	168.0980,-7.2411,0.7479	168.0980,-7.2411,1.0479	168.0980,-6.9411,1.0479	168.1180,-6.9411,0.7479	168.1180,-7.2411,0.7479	168.1180,-7.2411,1.0479	168.1180,-6.9411,1.0479
264	高力ボルト当て板鋼桁補強工 第2-014	高力ボルト当て板鋼桁補強工						補修部材(14)	格点20-G2	第2工事	第2工事 9 頁	V_K2_P009_3-3		ext_poly	4	168.6250,-6.8776,0.8514	168.6250,-7.1776,0.8514	168.3250,-7.1776,0.8514	168.3250,-6.8776,0.8514	168.6250,-6.8776,0.8714	168.6250,-7.1776,0.8714	168.3250,-7.1776,0.8714	168.3250,-6.8776,0.8714
265	高力ボルト当て板鋼桁補強工 第2-015	高力ボルト当て板鋼桁補強工						補修部材(15)	格点21-G1	第2工事	第2工事 10 頁	V_K2_P010_1-1		ext_poly	4	176.6980,5.4816,0.6917	176.6980,5.1816,0.6917	176.6980,5.1816,0.9917	176.6980,5.4816,0.9917	176.7180,5.4816,0.6917	176.7180,5.1816,0.6917	176.7180,5.1816,0.9917	176.7180,5.4816,0.9917
266	高力ボルト当て板鋼桁補強工 第2-016	高力ボルト当て板鋼桁補強工						補修部材(16)	格点21-G1	第2工事	第2工事 10 頁	V_K2_P010_1-1		ext_poly	4	176.6980,4.5926,0.7679	176.6980,4.2926,0.7679	176.6980,4.2926,1.0679	176.6980,4.5926,1.0679	176.7180,4.5926,0.7679	176.7180,4.2926,0.7679	176.7180,4.2926,1.0679	176.7180,4.5926,1.0679
267	高力ボルト当て板鋼桁補強工 第2-017	高力ボルト当て板鋼桁補強工						補修部材(17)	格点21-G2	第2工事	第2工事 11 頁	V_K2_P011_1-1		ext_poly	4	176.6980,-4.8220,0.6994	176.6980,-5.1220,0.6994	176.6980,-5.1220,0.9994	176.6980,-4.8220,0.9994	176.7180,-4.8220,0.6994	176.7180,-5.1220,0.6994	176.7180,-5.1220,0.9994	176.7180,-4.8220,0.9994
268	高力ボルト当て板鋼桁補強工 第2-018	高力ボルト当て板鋼桁補強工						補修部材(18)	格点21-G2	第2工事	第2工事 11 頁	V_K2_P011_3-3		ext_poly	4	176.7983,-6.9792,0.8181	176.7983,-7.2792,0.8181	176.4983,-7.2792,0.8181	176.4983,-6.9792,0.8181	176.7983,-6.9792,0.8381	176.7983,-7.2792,0.8381	176.4983,-7.2792,0.8381	176.4983,-6.9792,0.8381
269	高力ボルト当て板鋼桁補強工 第2-019	高力ボルト当て板鋼桁補強工						補修部材(19)	格点21-G2	第2工事	第2工事 11 頁	V_K2_P011_3-3		ext_poly	4	177.2403,-6.8496,0.8181	177.2403,-7.1496,0.8181	176.9403,-7.1496,0.8181	176.9403,-6.8496,0.8181	177.2403,-6.8496,0.8381	177.2403,-7.1496,0.8381	176.9403,-7.1496,0.8381	176.9403,-6.8496,0.8381
270	高力ボルト当て板鋼桁補強工 第2-020	高力ボルト当て板鋼桁補強工						補修部材(20)	格点22-G1	第2工事	第2工事 12 頁	V_K2_P012_1-1		ext_poly	4	185.2980,6.1120,0.7187	185.2980,5.8120,0.7187	185.2980,5.8120,1.0187	185.2980,6.1120,1.0187	185.3180,6.1120,0.7187	185.3180,5.8120,0.7187	185.3180,5.8120,1.0187	185.3180,6.1120,1.0187
271	高力ボルト当て板鋼桁補強工 第2-021	高力ボルト当て板鋼桁補強工						補修部材(21)	格点22-G2	第2工事	第2工事 13 頁	V_K2_P013_1-1		ext_poly	4	185.2980,-5.1897,0.6705	185.2980,-5.4897,0.6705	185.2980,-5.4897,0.9705	185.2980,-5.1897,0.9705	185.3180,-5.1897,0.6705	185.3180,-5.4897,0.6705	185.3180,-5.4897,0.9705	185.3180,-5.1897,0.9705
272	高力ボルト当て板鋼桁補強工 第2-022	高力ボルト当て板鋼桁補強工						補修部材(22)	格点22-G2	第2工事	第2工事 13 頁	V_K2_P013_3-3		ext_poly	4	185.3983,-6.9779,0.8172	185.3983,-7.2779,0.8172	185.0983,-7.2779,0.8172	185.0983,-6.9779,0.8172	185.3983,-6.9779,0.8372	185.3983,-7.2779,0.8372	185.0983,-7.2779,0.8372	185.0983,-6.9779,0.8372
273	高力ボルト当て板鋼桁補強工 第2-023	高力ボルト当て板鋼桁補強工						補修部材(23)	格点22-G2	第2工事	第2工事 13 頁	V_K2_P013_3-3		ext_poly	4	185.8631,-6.6197,0.8172	185.8631,-6.9198,0.8172	185.5631,-6.9198,0.8172	185.5631,-6.6197,0.8172	185.8631,-6.6197,0.8372	185.8631,-6.9198,0.8372	185.5631,-6.9198,0.8372	185.5631,-6.6197,0.8372
274	高力ボルト当て板鋼桁補強工 第2-024	高力ボルト当て板鋼桁補強工						補修部材(24)	P2-G1	第2工事	第2工事 14 頁	V_K2_P014_1-1		ext_poly	4	193.8980,6.2809,0.7037	193.8980,5.9809,0.7037	193.8980,5.9809,1.0037	193.8980,6.2809,1.0037	193.9180,6.2809,0.7037	193.9180,5.9809,0.7037	193.9180,5.9809,1.0037	193.9180,6.2809,1.0037
275	高力ボルト当て板鋼桁補強工 第2-025	高力ボルト当て板鋼桁補強工						補修部材(25)	格点23-G1	第2工事	第2工事 16 頁	V_K2_P016_1-1		ext_poly	4	201.4580,6.1400,0.6122	201.4580,5.8400,0.6122	201.4580,5.8400,0.9122	201.4580,6.1400,0.9122	201.4780,6.1400,0.6122	201.4780,5.8400,0.6122	201.4780,5.8400,0.9122	201.4780,6.1400,0.9122
276	高力ボルト当て板鋼桁補強工 第2-026	高力ボルト当て板鋼桁補強工						補修部材(26)	格点23-G2	第2工事	第2工事 17 頁	V_K2_P017_1-1		ext_poly	4	201.4580,-5.5949,0.6122	201.4580,-5.8949,0.6122	201.4580,-5.8949,0.9122	201.4580,-5.5949,0.9122	201.4780,-5.5949,0.6122	201.4780,-5.8949,0.6122	201.4780,-5.8949,0.9122	201.4780,-5.5949,0.9122
277	高力ボルト当て板鋼桁補強工 第2-027	高力ボルト当て板鋼桁補強工						補修部材(27)	格点24-G1	第2工事	第2工事 18 頁	V_K2_P018_1-1		ext_poly	4	209.0180,5.3673,0.5877	209.0180,5.0673,0.5877	209.0180,5.0673,0.8877	209.0180,5.3673,0.8877	209.0380,5.3673,0.5877	209.0380,5.0673,0.5877	209.0380,5.0673,0.8877	209.0380,5.3673,0.8877
278	高力ボルト当て板鋼桁補強工 第2-028	高力ボルト当て板鋼桁補強工						補修部材(28)	格点24-G2	第2工事	第2工事 19 頁	V_K2_P019_1-1		ext_poly	4	209.0180,-5.0582,0.6029	209.0180,-5.3582,0.6029	209.0180,-5.3582,0.9029	209.0180,-5.0582,0.9029	209.0380,-5.0582,0.6029	209.0380,-5.3582,0.6029	209.0380,-5.3582,0.9029	209.0380,-5.0582,0.9029
279	高力ボルト当て板鋼桁補強工 第2-029	高力ボルト当て板鋼桁補強工						補修部材(30)	格点25-G2	第2工事	第2工事 21 頁	V_K2_P021_5-5		ext_poly	4	216.2970,-7.5100,1.8378	216.5970,-7.5100,1.8378	216.5970,-7.5100,2.1378	216.2970,-7.5100,2.1378	216.2970,-7.4900,1.8378	216.5970,-7.4900,1.8378	216.5970,-7.4900,2.1378	216.2970,-7.4900,2.1378
280	高力ボルト当て板鋼桁補強工 第2-030	高力ボルト当て板鋼桁補強工						補修部材(29)	格点25-G2	第2工事	第2工事 21 頁	V_K2_P021_1-1		ext_poly	4	216.5780,-5.4196,0.5398	216.5780,-5.7196,0.5398	216.5780,-5.7196,0.8398	216.5780,-5.4196,0.8398	216.5980,-5.4196,0.5398	216.5980,-5.7196,0.5398	216.5980,-5.7196,0.8398	216.5980,-5.4196,0.8398
281	高力ボルト当て板鋼桁補強工 第2-031	高力ボルト当て板鋼桁補強工						補修部材(31)	格点26-G2	第2工事	第2工事 22 頁	V_K2_P022_1-1		ext_poly	4	224.1380,-6.7175,0.4715	224.1380,-7.0175,0.4715	224.1380,-7.0175,0.7715	224.1380,-6.7175,0.7715	224.1580,-6.7175,0.4715	224.1580,-7.0175,0.4715	224.1580,-7.0175,0.7715	224.1580,-6.7175,0.7715
282	高力ボルト当て板鋼桁補強工 第2-032	高力ボルト当て板鋼桁補強工						補修部材(32)	格点26-G2	第2工事	第2工事 22 頁	V_K2_P022_1-1		ext_poly	4	224.1380,-5.6685,0.4613	224.1380,-5.9685,0.4613	224.1380,-5.9685,0.7613	224.1380,-5.6685,0.7613	224.1580,-5.6685,0.4613	224.1580,-5.9685,0.4613	224.1580,-5.9685,0.7613	224.1580,-5.6685,0.7613
283	高力ボルト当て板鋼桁補強工 第2-033	高力ボルト当て板鋼桁補強工						補修部材(33)	格点27-G2	第2工事	第2工事 24 頁	V_K2_P024_1-1		ext_poly	4	231.6980,-5.3866,0.4404	231.6980,-5.6866,0.4404	231.6980,-5.6866,0.7404	231.6980,-5.3866,0.7404	231.7180,-5.3866,0.4404	231.7180,-5.6866,0.4404	231.7180,-5.6866,0.7404	231.7180,-5.3866,0.7404
284	高力ボルト当て板鋼桁補強工 第2-034	高力ボルト当て板鋼桁補強工						補修部材(34)	格点27-G2	第2工事	第2工事 24 頁	V_K2_P024_1-1		ext_poly	4	231.6980,-7.0350,1.6774	231.6980,-7.3350,1.6774	231.6980,-7.3350,1.9774	231.6980,-7.0350,1.9774	231.7180,-7.0350,1.6774	231.7180,-7.3350,1.6774	231.7180,-7.3350,1.9774	231.7180,-7.0350,1.9774
285	高力ボルト当て板鋼桁補強工 第2-035	高力ボルト当て板鋼桁補強工						補修部材(35)	格点28-G2	第2工事	第2工事 25 頁	V_K2_P025_1-1		ext_poly	4	239.2580,-5.0582,0.3872	239.2580,-5.3582,0.3872	239.2580,-5.3582,0.6872	239.2580,-5.0582,0.6872	239.2780,-5.0582,0.3872	239.2780,-5.3582,0.3872	239.2780,-5.3582,0.6872	239.2780,-5.0582,0.6872
286	高力ボルト当て板鋼桁補強工 第2-036	高力ボルト当て板鋼桁補強工						補修部材(36)	格点29-G1	第2工事	第2工事 26 頁	V_K2_P026_5-5		ext_poly	4	246.5358,7.4900,1.5967	246.8358,7.4900,1.5967	246.8358,7.4900,1.8967	246.5358,7.4900,1.8967	246.5358,7.5100,1.5967	246.8358,7.5100,1.5967	246.8358,7.5100,1.8967	246.5358,7.5100,1.8967
287	高力ボルト当て板鋼桁補強工 第2-037	高力ボルト当て板鋼桁補強工						補修部材(38)	格点29-G2	第2工事	第2工事 27 頁	V_K2_P027_5-5		ext_poly	4	246.5370,-7.5100,1.5891	246.8370,-7.5100,1.5891	246.8370,-7.5100,1.8891	246.5370,-7.5100,1.8891	246.5370,-7.4900,1.5891	246.8370,-7.4900,1.5891	246.8370,-7.4900,1.8891	246.5370,-7.4900,1.8891
288	高力ボルト当て板鋼桁補強工 第2-038	高力ボルト当て板鋼桁補強工						補修部材(37)	格点29-G2	第2工事	第2工事 27 頁	V_K2_P027_3-3		ext_poly	4	247.1520,-5.7904,0.4099	247.1520,-6.0904,0.4099	246.8520,-6.0904,0.4099	246.8520,-5.7904,0.4099	247.1520,-5.7904,0.4299	247.1520,-6.0904,0.4299	246.8520,-6.0904,0.4299	246.8520,-5.7904,0.4299
289	高力ボルト当て板鋼桁補強工 第2-039	高力ボルト当て板鋼桁補強工						補修部材(39)	格点30-G1	第2工事	第2工事 28 頁	V_K2_P028_1-1		ext_poly	4	254.3780,5.6828,-0.0642	254.3780,5.3828,-0.0642	254.3780,5.3828,0.2358	254.3780,5.6828,0.2358	254.3980,5.6828,-0.0642	254.3980,5.3828,-0.0642	254.3980,5.3828,0.2358	254.3980,5.6828,0.2358
290	高力ボルト当て板鋼桁補強工 第2-040	高力ボルト当て板鋼桁補強工						補修部材(40)	格点30-G2	第2工事	第2工事 29 頁	V_K2_P029_1-1		ext_poly	4	254.3780,-4.8194,0.2203	254.3780,-5.1194,0.2203	254.3780,-5.1194,0.5203	254.3780,-4.8194,0.5203	254.3980,-4.8194,0.2203	254.3980,-5.1194,0.2203	254.3980,-5.1194,0.5203	254.3980,-4.8194,0.5203
291	高力ボルト当て板鋼桁補強工 第2-041	高力ボルト当て板鋼桁補強工						補修部材(41)	格点30-G2	第2工事	第2工事 29 頁	V_K2_P029_3-3		ext_poly	4	254.4567,-6.9093,0.3391	254.4567,-7.2093,0.3391	254.1567,-7.2093,0.3391	254.1567,-6.9093,0.3391	254.4567,-6.9093,0.3591	254.4567,-7.2093,0.3591	254.1567,-7.2093,0.3591	254.1567,-6.9093,0.3591
292	高力ボルト当て板鋼桁補強工 第2-042	高力ボルト当て板鋼桁補強工						補修部材(43)	格点31-G2	第2工事	第2工事 30 頁	V_K2_P030_5-5		ext_poly	4	261.6530,-7.5100,1.4474	261.9530,-7.5100,1.4474	261.9530,-7.5100,1.7474	261.6530,-7.5100,1.7474	261.6530,-7.4900,1.4474	261.9530,-7.4900,1.4474	261.9530,-7.4900,1.7474	261.6530,-7.4900,1.7474
293	高力ボルト当て板鋼桁補強工 第2-043	高力ボルト当て板鋼桁補強工						補修部材(42)	格点31-G2	第2工事	第2工事 30 頁	V_K2_P030_3-3		ext_poly	4	262.2667,-5.8044,0.2682	262.2667,-6.1044,0.2682	261.9667,-6.1044,0.2682	261.9667,-5.8044,0.2682	262.2667,-5.8044,0.2882	262.2667,-6.1044,0.2882	261.9667,-6.1044,0.2882	261.9667,-5.8044,0.2882
294	高力ボルト当て板鋼桁補強工 第2-044	高力ボルト当て板鋼桁補強工						補修部材(44)	格点32-G1	第2工事	第2工事 31 頁	V_K2_P031_1-1		ext_poly	4	269.4860,6.3889,-0.3405	269.4860,6.0889,-0.3405	269.4860,6.0889,-0.0405	269.4860,6.3889,-0.0405	269.5060,6.3889,-0.3405	269.5060,6.0889,-0.3405	269.5060,6.0889,-0.0405	269.5060,6.3889,-0.0405
295	高力ボルト当て板鋼桁補強工 第2-045	高力ボルト当て板鋼桁補強工						補修部材(45)	格点32-G1	第2工事	第2工事 31 頁	V_K2_P031_1-1		ext_poly	4	269.4860,5.4694,-0.3303	269.4860,5.1694,-0.3303	269.4860,5.1694,-0.0303	269.4860,5.4694,-0.0303	269.5060,5.4694,-0.3303	269.5060,5.1694,-0.3303	269.5060,5.1694,-0.0303	269.5060,5.4694,-0.0303
296	高力ボルト当て板鋼桁補強工 第2-046	高力ボルト当て板鋼桁補強工						補修部材(46)	格点32-G2	第2工事	第2工事 32 頁	V_K2_P032_3-3		ext_poly	4	269.8187,-5.6431,0.1974	269.8187,-5.9431,0.1974	269.5187,-5.9431,0.1974	269.5187,-5.6431,0.1974	269.8187,-5.6431,0.2174	269.8187,-5.9431,0.2174	269.5187,-5.9431,0.2174	269.5187,-5.6431,0.2174
297	高力ボルト当て板鋼桁補強工 第2-047	高力ボルト当て板鋼桁補強工						補修部材(48)	格点33-G2	第2工事	第2工事 34 頁	V_K2_P034_2-2		ext_poly	4	276.7469,-6.0787,1.3517	276.7469,-6.3787,1.3517	277.0469,-6.3787,1.3517	277.0469,-6.0787,1.3517	276.7469,-6.0787,1.3317	276.7469,-6.3787,1.3317	277.0469,-6.3787,1.3317	277.0469,-6.0787,1.3317
298	高力ボルト当て板鋼桁補強工 第2-048	高力ボルト当て板鋼桁補強工						補修部材(50)	格点33-G2	第2工事	第2工事 34 頁	V_K2_P034_5-5		ext_poly	4	276.7495,-7.5100,1.3059	277.0495,-7.5100,1.3059	277.0495,-7.5100,1.6059	276.7495,-7.5100,1.6059	276.7495,-7.4900,1.3059	277.0495,-7.4900,1.3059	277.0495,-7.4900,1.6059	276.7495,-7.4900,1.6059
299	高力ボルト当て板鋼桁補強工 第2-049	高力ボルト当て板鋼桁補強工						補修部材(49)	格点33-G2	第2工事	第2工事 34 頁	V_K2_P034_2-2		ext_poly	4	276.7952,-6.6223,1.3517	276.7952,-6.9223,1.3517	277.0952,-6.9223,1.3517	277.0952,-6.6223,1.3517	276.7952,-6.6223,1.3317	276.7952,-6.9223,1.3317	277.0952,-6.9223,1.3317	277.0952,-6.6223,1.3317
300	高力ボルト当て板鋼桁補強工 第2-050	高力ボルト当て板鋼桁補強工						補修部材(47)	格点33-G2	第2工事	第2工事 34 頁	V_K2_P034_3-3		ext_poly	4	277.3670,-5.3142,0.1267	277.3670,-5.6142,0.1267	277.0670,-5.6142,0.1267	277.0670,-5.3142,0.1267	277.3670,-5.3142,0.1467	277.3670,-5.6142,0.1467	277.0670,-5.6142,0.1467	277.0670,-5.3142,0.1467
301	高力ボルト当て板鋼桁補強工 第2-051	高力ボルト当て板鋼桁補強工						補修部材(51)	格点33-G2	第2工事	第2工事 34 頁	V_K2_P034_3-3		ext_poly	4	277.5346,-6.7010,0.1267	277.5346,-7.0010,0.1267	277.2346,-7.0010,0.1267	277.2346,-6.7010,0.1267	277.5346,-6.7010,0.1467	277.5346,-7.0010,0.1467	277.2346,-7.0010,0.1467	277.2346,-6.7010,0.1467
302	高力ボルト当て板鋼桁補強工 第2-052	高力ボルト当て板鋼桁補強工						補修部材(53)	A2-G1	第2工事	第2工事 35 頁	V_K2_P035_1-1		ext_poly	4	284.5720,6.8613,1.1488	284.5720,6.5613,1.1488	284.5720,6.5613,1.4488	284.5720,6.8613,1.4488	284.5920,6.8613,1.1488	284.5920,6.5613,1.1488	284.5920,6.5613,1.4488	284.5920,6.8613,1.4488
303	高力ボルト当て板鋼桁補強工 第2-053	高力ボルト当て板鋼桁補強工						補修部材(54)	A2-G1	第2工事	第2工事 35 頁	V_K2_P035_1-1		ext_poly	4	284.5720,6.8613,1.1488	284.5720,6.5613,1.1488	284.5720,6.5613,1.4488	284.5720,6.8613,1.4488	284.5920,6.8613,1.1488	284.5920,6.5613,1.1488	284.5920,6.5613,1.4488	284.5920,6.8613,1.4488
304	高力ボルト当て板鋼桁補強工 第2-054	高力ボルト当て板鋼桁補強工						補修部材(55)	A2-G2	第2工事	第2工事 36 頁	V_K2_P036_1-1		ext_poly	4	284.5720,-5.9987,-0.0653	284.5720,-6.2987,-0.0653	284.5720,-6.2987,0.2347	284.5720,-5.9987,0.2347	284.5920,-5.9987,-0.0653	284.5920,-6.2987,-0.0653	284.5920,-6.2987,0.2347	284.5920,-5.9987,0.2347
305	高力ボルト当て板鋼桁補強工 第2-055	高力ボルト当て板鋼桁補強工						補修部材(56)	A2-G2	第2工事	第2工事 36 頁	V_K2_P036_1-1		ext_poly	4	284.5720,-6.5118,1.1818	284.5720,-6.8118,1.1818	284.5720,-6.8118,1.4818	284.5720,-6.5118,1.4818	284.5920,-6.5118,1.1818	284.5920,-6.8118,1.1818	284.5920,-6.8118,1.4818	284.5920,-6.5118,1.4818
306	高力ボルト当て板鋼桁補強工 第2-056	高力ボルト当て板鋼桁補強工						補修部材(57)	A2-G2	第2工事	第2工事 36 頁	V_K2_P036_1-1		ext_poly	4	284.5720,-6.5118,1.1818	284.5720,-6.8118,1.1818	284.5720,-6.8118,1.4818	284.5720,-6.5118,1.4818	284.5920,-6.5118,1.1818	284.5920,-6.8118,1.1818	284.5920,-6.8118,1.4818	284.5920,-6.5118,1.4818
307	高力ボルト当て板鋼桁補強工 第2-057	高力ボルト当て板鋼桁補強工						補修部材(52)	A2-G1	第2工事	第2工事 35 頁	V_K2_P035_3-3		ext_poly	4	284.7485,6.3457,0.0372	284.7485,6.0457,0.0372	284.4485,6.0457,0.0372	284.4485,6.3457,0.0372	284.7485,6.3457,0.0572	284.7485,6.0457,0.0572	284.4485,6.0457,0.0572	284.4485,6.3457,0.0572
